<?xml version="1.0"?>
<!--<!DOCTYPE metadata SYSTEM "http://www.esri.com/metadata/esriprof80.dtd">-->
<metadata xml:lang="en">
	<Esri>
		<CreaDate>20100723</CreaDate>
		<CreaTime>16382700</CreaTime>
		<SyncOnce>FALSE</SyncOnce>
		<SyncDate>20120126</SyncDate>
		<SyncTime>16092200</SyncTime>
		<ModDate>20120126</ModDate>
		<ModTime>16092200</ModTime>
		<MetaID>{115D2A64-26D6-44FE-AE69-97D8E7AC7584}</MetaID><DataProperties><itemProps><itemName Sync="TRUE">HYDRO_STREAM_SCALELEVEL</itemName><imsContentType Sync="TRUE">002</imsContentType><itemSize Sync="TRUE">0.000</itemSize><itemLocation><linkage Sync="TRUE">file://\\depnb100\GISDATA\GIS_Warehouse\public_data\Shapefile_format\Hydrography\Hydrography\HYDRO_STREAM_SCALELEVEL.dbf</linkage><protocol Sync="TRUE">Local Area Network</protocol></itemLocation></itemProps><lineage><Process ToolSource="C:\Program Files\ArcGIS\Desktop10.0\ArcToolbox\Toolboxes\Data Management Tools.tbx\CopyRows" Date="20120126" Time="160922">CopyRows "Database Connections\10.18.8.60.depgis@DEP_92dc.sde\depgis.DEP.HYDRO_STREAM_SCALELEVEL" Y:\GIS_Warehouse\public_data\Shapefile_format\Hydrography\Hydrography\HYDRO_STREAM_SCALELEVEL.dbf #</Process></lineage></DataProperties></Esri>
	<idinfo>
		<native Sync="TRUE">Microsoft Windows 2000 Version 5.2 (Build 3790) Service Pack 2; ESRI ArcCatalog 9.2.6.1500</native>
		<descript>
			<langdata Sync="TRUE">en</langdata>
			<abstract>This data table includes the SCALELEVEL for each stream feature in the following feature classes: HYDROGRAPHY_LINE, HYDROGRAPHY_POLY, HYDROGRAPHYMASTER_LINE, HYDROGRAPHYMASTER_POLY, WATERBODY_LINE, WATERBODY _POLY, WATERBODYMASTER_LINE, WATERBODYMASTER_POLY, NAMED_WATERBODY_LINE, NAMED_WATERBODY _POLY, NAMED_WATERBODYMASTER_LINE, and NAMED_WATERBODYMASTER_POLY. Used for cartographic purposes, the SCALELEVEL attribute is a numeric code that defines the (display) scale range levels for individual stream and lake features.</abstract>
			<purpose>Records the SCALELEVEL assigned to individual stream features in the set of hydrography data maintained by the State of Connecticut, Department of Environmental Protection.</purpose>
		</descript>
		<citation>
			<citeinfo>
				<origin>State of Connecticut, Department of Environmental Protection (data compiler, editor and publisher)</origin>
				<pubdate>20100701</pubdate>
				<title>Connecticut Stream SCALELEVEL Attribute Value Lookup Table</title>
				<ftname Sync="TRUE">depgis.DEP.HYDRO_STREAM_SCALELEVEL</ftname>
				<geoform Sync="TRUE">tabular digital data</geoform>
				<onlink>http://www.ct.gov/deep</onlink>
				<pubinfo>
					<pubplace>Hartford, Connecticut, USA</pubplace>
					<publish>State of Connecticut, Department of Environmental Protection</publish>
				</pubinfo>
			</citeinfo>
		</citation>
		<timeperd>
			<current>publication date</current>
			<timeinfo>
				<sngdate>
					<caldate>20100701</caldate>
				</sngdate>
			</timeinfo>
		</timeperd>
		<status>
			<progress>Complete</progress>
			<update>None planned</update>
		</status>
		<keywords>
			<theme>
				<themekt>ISO 19115 Topic Category</themekt>
				<themekey>inlandWaters</themekey>
			</theme>
			<place>
				<placekt>U.S. Department of Commerce, 1987, Codes for the Identification of the States, the District of Columbia and the Outlying Areas of The United States, and Associated Areas (Federal Information Processing Standard 5-2):  Washington, DC, National Institute of Standards and Technology.</placekt>
				<placekey>Connecticut</placekey>
				<placekey>CT</placekey>
			</place>
			<place><placekey>United States of America</placekey><placekt>U.S. Department of Commerce, 1995, Countries, Dependencies, Areas of Special Sovereignty, and Their Principal Administrative Divisions (Federal Information Processing Standard (FIPS) 10-4): Washington, D.C., National Institute of Standards and Technology.</placekt><placekey>USA</placekey></place></keywords>
		<accconst>None. No restrictions or legal prerequisites for accessing the data. The data is in the public domain and may be redistributed.</accconst>
		<useconst>None. No restrictions or legal prerequisites for using the data after access is granted. Although this data set  has been used by the State of Connecticut, Department of Environmental Protection, no warranty, expressed or implied, is made by the State of Connecticut, Department of Environmental Protection as to the accuracy of the data and or related materials.  The act of distribution shall not constitute any such warranty, and no responsibility is assumed by the State of Connecticut, Department of Environmental Protection in the use of these data or related materials. The user assumes the entire risk related to the use of these data.</useconst>
		<natvform Sync="TRUE">SDE Table</natvform>
	</idinfo>
	<dataIdInfo>
		<envirDesc Sync="TRUE">Microsoft Windows XP Version 5.1 (Build 2600) Service Pack 3; ESRI ArcGIS 10.0.3.3600</envirDesc>
		<dataLang>
			<languageCode Sync="TRUE" value="en"/>
			<countryCode value="US" Sync="TRUE"></countryCode></dataLang>
		<idCitation>
			<resTitle Sync="TRUE">HYDRO_STREAM_SCALELEVEL</resTitle>
			<presForm>
				<PresFormCd Sync="TRUE" value="011"/>
			</presForm>
		</idCitation>
		<spatRpType><SpatRepTypCd value="003" Sync="TRUE"></SpatRepTypCd></spatRpType></dataIdInfo>
	<metainfo>
		<langmeta Sync="TRUE">en</langmeta>
		<metstdn Sync="TRUE">FGDC Content Standards for Digital Geospatial Metadata</metstdn>
		<metstdv Sync="TRUE">FGDC-STD-001-1998</metstdv>
		<mettc Sync="TRUE">local time</mettc>
		<metc>
			<cntinfo>
				<cntaddr>
					<addrtype>mailing and physical address</addrtype>
					<city>Hartford</city>
					<state>Connecticut</state>
					<postal>06106-5127</postal>
					<address>79 Elm Street</address>
					<country>USA</country>
				</cntaddr>
				<cntvoice>860-424-3540</cntvoice>
				<cntfax>860-424-4058</cntfax>
				<cntemail>dep.gisdata@po.state.ct.us </cntemail>
				<hours>Monday to Friday, 08:30 to 16:30 Eastern Standard Time</hours>
				<cntorgp>
					<cntorg>State of Connecticut, Department of Environmental Protection</cntorg>
					<cntper>Howie Sternberg</cntper>
				</cntorgp>
			</cntinfo>
		</metc>
		<metd Sync="TRUE">20111208</metd>
		<metsi>
			<metscs>None</metscs>
			<metsc>None</metsc>
			<metshd>No restrictions for handling the metadata.</metshd>
		</metsi>
		<metac>None. No restrictions or legal prerequisites for accessing the metadata.</metac>
		<metuc>None. No restrictions or legal prerequisites for using the metadata after access is granted.</metuc>
	</metainfo>
	<mdLang>
		<languageCode Sync="TRUE" value="en"/>
		<countryCode value="US" Sync="TRUE"></countryCode></mdLang>
	<mdStanName Sync="TRUE">ISO 19115 Geographic Information - Metadata</mdStanName>
	<mdStanVer Sync="TRUE">DIS_ESRI1.0</mdStanVer>
	<mdChar>
		<CharSetCd Sync="TRUE" value="004"/>
	</mdChar>
	<mdHrLv>
		<ScopeCd Sync="TRUE" value="007"/>
	</mdHrLv>
	<mdHrLvName Sync="TRUE">dataset</mdHrLvName>
	<distinfo>
		<stdorder>
			<fees>An online copy of the data may be accessed without charge.</fees>
			<digform>
				<digtinfo>
					<formname>Data Table</formname>
					<formvern>ArcGIS</formvern>
					<filedec>Zip file</filedec>
				</digtinfo>
				<digtopt>
					<onlinopt>
						<computer>
							<networka>
								<networkr>http://www.ct.gov/deep</networkr>
							</networka>
						</computer>
					</onlinopt>
				</digtopt>
			</digform>
		</stdorder>
		<distrib>
			<cntinfo>
				<cntaddr>
					<addrtype>mailing and physical address</addrtype>
					<address>79 Elm Street</address>
					<city>Hartford</city>
					<state>Connecticut</state>
					<postal>06106-5127</postal>
					<country>USA</country>
				</cntaddr>
				<cntvoice>860-424-3540</cntvoice>
				<cntfax>860-424-4058</cntfax>
				<cntemail>dep.gisdata@ct.gov</cntemail>
				<cntorgp>
					<cntorg>State of Connecticut, Department of Enviromental Protection</cntorg>
				</cntorgp>
				<hours>Monday to Friday, 08:30 to 16:30 Eastern Standard Time</hours>
			</cntinfo>
		</distrib>
		<custom>The data distributor does not provide custom GIS analysis or mapping services. Data is available in a standard format and may be converted to other formats, projections, coordinate systems, or selected for specific geographic regions by the party receiving the data.</custom>
		<techpreq>Geographic information sytem (GIS), computer-aided drawing or other mapping software is necessary to display, view and access the information.</techpreq>
		<distliab>Although this data set  has been used by the State of Connecticut, Department of Environmental Protection, no warranty, expressed or implied, is made by the State of Connecticut, Department of Environmental Protection as to the accuracy of the data and or related materials.  The act of distribution shall not constitute any such warranty, and no responsibility is assumed by the State of Connecticut, Department of Environmental Protection in the use of these data or related materials. The user assumes the entire risk related to the use of these data. Once the data is distributed to the user, modifications made to the data by the user should be noted in the metadata.</distliab>
		<resdesc>Connecticut Stream SCALELEVEL Attribute Value Lookup Table</resdesc>
	</distinfo>
	<eainfo>
		<detailed Name="HYDRO_STREAM_SCALELEVEL">
			<enttyp>
				<enttypl>Connecticut Stream SCALELEVEL Attribute Value Lookup Table</enttypl>
				<enttypt Sync="TRUE">Table</enttypt>
				<enttypc Sync="TRUE">0</enttypc>
				<enttypds>State of Connecticut, Department of Environmental Protection</enttypds>
			</enttyp>
			<attr><attrlabl Sync="TRUE">OID</attrlabl><attalias Sync="TRUE">OID</attalias><attrtype Sync="TRUE">OID</attrtype><attwidth Sync="TRUE">4</attwidth><atprecis Sync="TRUE">0</atprecis><attscale Sync="TRUE">0</attscale><attrdef Sync="TRUE">Internal feature number.</attrdef><attrdefs Sync="TRUE">ESRI</attrdefs><attrdomv><udom Sync="TRUE">Sequential unique whole numbers that are automatically generated.</udom></attrdomv></attr><attr>
				<attrlabl Sync="TRUE">STREAM_NO</attrlabl>
				<attalias Sync="TRUE">STREAM_NO</attalias>
				<attrtype Sync="TRUE">Double</attrtype>
				<attwidth Sync="TRUE">10</attwidth>
				<atprecis Sync="TRUE">10</atprecis>
				<attscale Sync="TRUE">0</attscale>
				<attrdefs>State of Connecticut, Department of Environmental Protection</attrdefs>
				<attrdef>Stream Number - ID Number of named stream on left side of line feature or for a polygon feature that is a named stream.</attrdef>
			</attr>
			<attr>
				<attrlabl Sync="TRUE">STREAM_NO2</attrlabl>
				<attalias Sync="TRUE">STREAM_NO2</attalias>
				<attrtype Sync="TRUE">Double</attrtype>
				<attwidth Sync="TRUE">10</attwidth>
				<atprecis Sync="TRUE">10</atprecis>
				<attscale Sync="TRUE">0</attscale>
				<attrdefs>State of Connecticut, Department of Environmental Protection</attrdefs>
				<attrdef>Stream Number 2 - ID Number of named stream on right side of line feature.</attrdef>
			</attr>
			<attr>
				<attrlabl Sync="TRUE">STREAM</attrlabl>
				<attalias Sync="TRUE">STREAM</attalias>
				<attrtype Sync="TRUE">String</attrtype>
				<attwidth Sync="TRUE">40</attwidth>
				<atprecis Sync="TRUE">0</atprecis>
				<attscale Sync="TRUE">0</attscale>
				<attrdefs>State of Connecticut, Department of Environmental Protection</attrdefs>
				<attrdef>Stream Name - Name of stream. STREAM is the English language equivalent of (decodes) the STREAM_NO and STREAM_NO2 fields.</attrdef>
			</attr>
			<attr>
				<attrlabl Sync="TRUE">SCALELEVEL</attrlabl>
				<attalias Sync="TRUE">SCALELEVEL</attalias>
				<attrtype Sync="TRUE">Integer</attrtype>
				<attwidth Sync="TRUE">5</attwidth>
				<atprecis Sync="TRUE">5</atprecis>
				<attscale Sync="TRUE">0</attscale>
				<attrdefs>State of Connecticut, Department of Environmental Protection</attrdefs>
				<attrdef>Scale Level. A numeric code that defines scale range levels for features. Scale Level values range from 1 to 6. More features are included in the higher Scale Levels. For example, Scale Level 1 includes only a few major rivers and is intended for a small map of Connecticut. Conversely, Scale Level 6 includes all waterbodies and is intended for more detailed maps displayed at about 1:24,000 scale. Use the Scale Level attribute to specify a definition query that displays a particular set of features, for example SCALELEVEL = 1. Then set the appropriate range of scale (e.g. from 1,000,001 to 3,000,000 scale) for the layer, according to application (mapping) need. Note, Scale Levels are additive so include all Scale Levels below the desired level in a definition query. For example, use the following SQL expression to query for Scale Level 4 features - SCALELEVEL IN (1,2,3,4). Note the use of the IN (INCLUDE) operator in the SQL expression.</attrdef>
				<attrdomv>
					<edom>
						<edomv>1</edomv>
						<edomvd>Scale Level 1. Recommended scale range - 1:1,000,001 to 1:3,000,000. Includes 11 rivers.</edomvd>
						<edomvds>CT DEP</edomvds>
					</edom>
					<edom>
						<edomv>2</edomv>
						<edomvd>Scale Level 2. Recommended scale range - 1:500,001 to 1:1,000,000. Includes 19 rivers and 5 lakes.</edomvd>
						<edomvds>CT DEP</edomvds>
					</edom>
					<edom>
						<edomv>3</edomv>
						<edomvd>Scale Level 3. Recommended scale range - 1:200,001 to 1:500,000. Includes 109 rivers and 13 lakes.</edomvd>
						<edomvds>CT DEP</edomvds>
					</edom>
					<edom>
						<edomv>4</edomv>
						<edomvd>Scale Level 4. Recommended scale range - 1:100,001 to 1:200,000. Includes mainstem rivers for each Subregional Drainage Basin. Includes 301 rivers and 137 lakes.</edomvd>
						<edomvds>CT DEP</edomvds>
					</edom>
					<edom>
						<edomv>5</edomv>
						<edomvd>Scale Level 5. Recommended scale range - 1:50,001 to 1:100,000. Includes 1532 rivers and 1076 lakes greater than 5 acres in size.</edomvd>
						<edomvds>CT DEP</edomvds>
					</edom>
					<edom>
						<edomv>6</edomv>
						<edomvd>Scale Level 6. Recommended scale range - 1:1 to 50,000. Includes all rivers and lakes.</edomvd>
						<edomvds>CT DEP</edomvds>
					</edom>
				</attrdomv>
			</attr>
		</detailed>
	</eainfo>
	<mdDateSt Sync="TRUE">20120126</mdDateSt>
	<dataqual>
		<lineage/>
	</dataqual>
	<distInfo>
		<distributor>
			<distorTran>
				<onLineSrc>
					<orDesc Sync="TRUE">002</orDesc>
					<linkage Sync="TRUE">Server=10.18.8.60; Service=sde92:sqlserver:10.18.8.60; Database=depgis; User=dep; Version=sde.DEFAULT</linkage>
					<protocol Sync="TRUE">ArcSDE Connection</protocol>
				</onLineSrc>
			</distorTran>
			<distorFormat>
				<formatName Sync="TRUE">SDE Table</formatName>
			</distorFormat>
		</distributor>
		<distFormat><formatName Sync="TRUE">dBASE Table</formatName></distFormat><distTranOps><transSize Sync="TRUE">0.000</transSize></distTranOps></distInfo>
</metadata>
