<?xml version="1.0"?>
<!--<!DOCTYPE metadata SYSTEM "http://www.esri.com/metadata/esriprof80.dtd">-->
<metadata xml:lang="en">
	<Esri>
		<CreaDate>20100715</CreaDate>
		<CreaTime>12193200</CreaTime>
		<SyncOnce>FALSE</SyncOnce>
		<SyncDate>20120126</SyncDate>
		<SyncTime>16091200</SyncTime>
		<ModDate>20120126</ModDate>
		<ModTime>16091200</ModTime>
		<MetaID>{BBAD2C28-C1C6-4D45-BD31-24CF6DD16B3E}</MetaID><DataProperties><itemProps><itemName Sync="TRUE">HYDRO_LINE_CODE</itemName><imsContentType Sync="TRUE">002</imsContentType><itemSize Sync="TRUE">0.000</itemSize><itemLocation><linkage Sync="TRUE">file://\\depnb100\GISDATA\GIS_Warehouse\public_data\Shapefile_format\Hydrography\Hydrography\HYDRO_LINE_CODE.dbf</linkage><protocol Sync="TRUE">Local Area Network</protocol></itemLocation></itemProps><lineage><Process ToolSource="C:\Program Files\ArcGIS\Desktop10.0\ArcToolbox\Toolboxes\Data Management Tools.tbx\CopyRows" Date="20120126" Time="160912">CopyRows "Database Connections\10.18.8.60.depgis@DEP_92dc.sde\depgis.DEP.HYDRO_LINE_CODE" Y:\GIS_Warehouse\public_data\Shapefile_format\Hydrography\Hydrography\HYDRO_LINE_CODE.dbf #</Process></lineage></DataProperties></Esri>
	<idinfo>
		<native Sync="TRUE">Microsoft Windows 2000 Version 5.2 (Build 3790) Service Pack 2; ESRI ArcCatalog 9.2.6.1500</native>
		<descript>
			<langdata Sync="TRUE">en</langdata>
			<abstract>This data table lists the valid values for the HYARC_COD and HYDRO_ARC data fields in the HYROGRAPHY_LINE, HYDROGRAPHYMASTER_LINE, NAMED_WATERBODY_LINE, NAMED_WATERBODYMASTER_LINE and WATERBODYMASTER_LINE feature classes.</abstract>
			<purpose>Decodes the numeric values of the HYARC_COD field into the English language (text) equivalent values of the corresponding HYDRO_ARC field.</purpose>
		</descript>
		<citation>
			<citeinfo>
				<origin>State of Connecticut, Department of Environmental Protection (data compiler, editor and publisher)</origin>
				<pubdate>20100701</pubdate>
				<title>Connecticut Hydrography Arc Code Lookup Table</title>
				<ftname Sync="TRUE">depgis.DEP.HYDRO_LINE_CODE</ftname>
				<geoform Sync="TRUE">tabular digital data</geoform>
				<onlink>http://www.ct.gov/deep</onlink>
				<pubinfo>
					<pubplace>Hartford, Connecticut, USA</pubplace>
					<publish>State of Connecticut, Department of Environmental Protection</publish>
				</pubinfo>
			</citeinfo>
		</citation>
		<timeperd>
			<current>publication date</current>
			<timeinfo>
				<sngdate>
					<caldate>20100701</caldate>
				</sngdate>
			</timeinfo>
		</timeperd>
		<status>
			<progress>Complete</progress>
			<update>None planned</update>
		</status>
		<keywords>
			<theme>
				<themekt>ISO 19115 Topic Category</themekt>
				<themekey>inlandWaters</themekey></theme>
			<place>
				<placekt>U.S. Department of Commerce, 1987, Codes for the Identification of the States, the District of Columbia and the Outlying Areas of The United States, and Associated Areas (Federal Information Processing Standard 5-2):  Washington, DC, National Institute of Standards and Technology.</placekt>
				<placekey>Connecticut</placekey>
				<placekey>CT</placekey>
			</place>
			<place><placekey>United States of America</placekey><placekt>U.S. Department of Commerce, 1995, Countries, Dependencies, Areas of Special Sovereignty, and Their Principal Administrative Divisions (Federal Information Processing Standard (FIPS) 10-4): Washington, D.C., National Institute of Standards and Technology.</placekt><placekey>USA</placekey></place></keywords>
		<accconst>None. No restrictions or legal prerequisites for accessing the data. The data is in the public domain and may be redistributed.</accconst>
		<useconst>None. No restrictions or legal prerequisites for using the data after access is granted. Although this data set  has been used by the State of Connecticut, Department of Environmental Protection, no warranty, expressed or implied, is made by the State of Connecticut, Department of Environmental Protection as to the accuracy of the data and or related materials.  The act of distribution shall not constitute any such warranty, and no responsibility is assumed by the State of Connecticut, Department of Environmental Protection in the use of these data or related materials. The user assumes the entire risk related to the use of these data.</useconst>
		<natvform Sync="TRUE">SDE Table</natvform>
	</idinfo>
	<dataIdInfo>
		<envirDesc Sync="TRUE">Microsoft Windows XP Version 5.1 (Build 2600) Service Pack 3; ESRI ArcGIS 10.0.3.3600</envirDesc>
		<dataLang>
			<languageCode Sync="TRUE" value="en"/>
			<countryCode value="US" Sync="TRUE"></countryCode></dataLang>
		<idCitation>
			<resTitle Sync="TRUE">HYDRO_LINE_CODE</resTitle>
			<presForm>
				<PresFormCd Sync="TRUE" value="011"/>
			</presForm>
		</idCitation>
		<spatRpType><SpatRepTypCd value="003" Sync="TRUE"></SpatRepTypCd></spatRpType></dataIdInfo>
	<metainfo>
		<langmeta Sync="TRUE">en</langmeta>
		<metstdn Sync="TRUE">FGDC Content Standards for Digital Geospatial Metadata</metstdn>
		<metstdv Sync="TRUE">FGDC-STD-001-1998</metstdv>
		<mettc Sync="TRUE">local time</mettc>
		<metc>
			<cntinfo>
				<cntaddr>
					<addrtype>mailing and physical address</addrtype>
					<city>Hartford</city>
					<state>Connecticut</state>
					<postal>06106-5127</postal>
					<address>79 Elm Street</address>
					<country>USA</country>
				</cntaddr>
				<cntvoice>860-424-3540</cntvoice>
				<cntfax>860-424-4058</cntfax>
				<cntemail>dep.gisdata@po.state.ct.us </cntemail>
				<hours>Monday to Friday, 08:30 to 16:30 Eastern Standard Time</hours>
				<cntorgp>
					<cntorg>State of Connecticut, Department of Environmental Protection</cntorg>
					<cntper>Jonathan Quinn</cntper>
				</cntorgp>
			</cntinfo>
		</metc>
		<metd Sync="TRUE">20111208</metd>
		<metsi>
			<metscs>None</metscs>
			<metsc>None</metsc>
			<metshd>No restrictions for handling the metadata.</metshd>
		</metsi>
		<metac>None. No restrictions or legal prerequisites for accessing the metadata.</metac>
		<metuc>None. No restrictions or legal prerequisites for using the metadata after access is granted.</metuc>
	</metainfo>
	<mdLang>
		<languageCode Sync="TRUE" value="en"/>
		<countryCode value="US" Sync="TRUE"></countryCode></mdLang>
	<mdStanName Sync="TRUE">ISO 19115 Geographic Information - Metadata</mdStanName>
	<mdStanVer Sync="TRUE">DIS_ESRI1.0</mdStanVer>
	<mdChar>
		<CharSetCd Sync="TRUE" value="004"/>
	</mdChar>
	<mdHrLv>
		<ScopeCd Sync="TRUE" value="007"/>
	</mdHrLv>
	<mdHrLvName Sync="TRUE">dataset</mdHrLvName>
	<distinfo>
		<stdorder>
			<fees>An online copy of the data may be accessed without charge.</fees>
			<digform>
				<digtinfo>
					<formname>Data Table</formname>
					<formvern>ArcGIS</formvern>
					<filedec>Zip file</filedec>
				</digtinfo>
				<digtopt>
					<onlinopt>
						<computer>
							<networka>
								<networkr>http://www.ct.gov/deep</networkr>
							</networka>
						</computer>
					</onlinopt>
				</digtopt>
			</digform>
		</stdorder>
		<distrib>
			<cntinfo>
				<cntaddr>
					<addrtype>mailing and physical address</addrtype>
					<address>79 Elm Street</address>
					<city>Hartford</city>
					<state>Connecticut</state>
					<postal>06106-5127</postal>
					<country>USA</country>
				</cntaddr>
				<cntvoice>860-424-3540</cntvoice>
				<cntfax>860-424-4058</cntfax>
				<cntemail>dep.gisdata@ct.gov</cntemail>
				<cntorgp>
					<cntorg>State of Connecticut, Department of Enviromental Protection</cntorg>
				</cntorgp>
				<hours>Monday to Friday, 08:30 to 16:30 Eastern Standard Time</hours>
			</cntinfo>
		</distrib>
		<custom>The data distributor does not provide custom GIS analysis or mapping services. Data is available in a standard format and may be converted to other formats, projections, coordinate systems, or selected for specific geographic regions by the party receiving the data.</custom>
		<techpreq>Geographic information sytem (GIS), computer-aided drawing or other mapping software is necessary to display, view and access the information.</techpreq>
		<distliab>Although this data set  has been used by the State of Connecticut, Department of Environmental Protection, no warranty, expressed or implied, is made by the State of Connecticut, Department of Environmental Protection as to the accuracy of the data and or related materials.  The act of distribution shall not constitute any such warranty, and no responsibility is assumed by the State of Connecticut, Department of Environmental Protection in the use of these data or related materials. The user assumes the entire risk related to the use of these data. Once the data is distributed to the user, modifications made to the data by the user should be noted in the metadata.</distliab>
		<resdesc>Connecticut Hydrography Arc Code Lookup Table</resdesc>
	</distinfo>
	<eainfo>
		<detailed Name="HYDRO_LINE_CODE">
			<enttyp>
				<enttypl>Connecticut Hydrography Arc Code Lookup Table</enttypl>
				<enttypt Sync="TRUE">Table</enttypt>
				<enttypc Sync="TRUE">0</enttypc>
				<enttypds>State of Connecticut, Department of Environmental Protection and U.S. Geological Survey, National Mapping Program</enttypds></enttyp>
			<attr><attrlabl Sync="TRUE">OID</attrlabl><attalias Sync="TRUE">OID</attalias><attrtype Sync="TRUE">OID</attrtype><attwidth Sync="TRUE">4</attwidth><atprecis Sync="TRUE">0</atprecis><attscale Sync="TRUE">0</attscale><attrdef Sync="TRUE">Internal feature number.</attrdef><attrdefs Sync="TRUE">ESRI</attrdefs><attrdomv><udom Sync="TRUE">Sequential unique whole numbers that are automatically generated.</udom></attrdomv></attr><attr><attrlabl Sync="TRUE">HYARC_COD</attrlabl><attalias Sync="TRUE">HYARC_COD</attalias><attrtype Sync="TRUE">Double</attrtype><attwidth Sync="TRUE">17</attwidth><atprecis Sync="TRUE">16</atprecis><attscale Sync="TRUE">5</attscale><attrdef>Hydrography Arc Code. Numeric values that identify hydrography line feature types. These codes are based on the original 1:24,000-scale USGS DLG Hydrography Major and Minor codes, but have been modified by CT DEP to add to or combine USGS classifications.</attrdef><attrdefs>State of Connecticut, Department of Environmental Protection</attrdefs><attrdomv><edom><edomv>0</edomv><edomvd>Not Hydrography</edomvd><edomvds>CT DEP, USGS</edomvds></edom><edom><edomv>109</edomv><edomvd>Sewage Disposal Pond border</edomvd><edomvds>CT DEP, USGS</edomvds></edom><edom><edomv>200</edomv><edomvd>Shoreline for Stream, Lake and Open Water polys</edomvd><edomvds>CT DEP, USGS</edomvds></edom><edom><edomv>201</edomv><edomvd>Manmade Shoreline</edomvd><edomvds>CT DEP, USGS</edomvds></edom><edom><edomv>202</edomv><edomvd>Closure Line separating adjacent Open Water polys</edomvd><edomvds>CT DEP, USGS</edomvds></edom><edom><edomv>203</edomv><edomvd>Indefinite Shoreline</edomvd><edomvds>CT DEP, USGS</edomvds></edom><edom><edomv>204</edomv><edomvd>Apparent Limit of Flat and Sand polygon areas</edomvd><edomvds>CT DEP, USGS</edomvds></edom><edom><edomv>205</edomv><edomvd>Defines extent of coastal bays and harbors</edomvd><edomvds>CT DEP, USGS</edomvds></edom><edom><edomv>206</edomv><edomvd>Apparent Limit of Marsh polygon areas</edomvd><edomvds>CT DEP, USGS</edomvds></edom><edom><edomv>401</edomv><edomvd>Falls</edomvd><edomvds>CT DEP, USGS</edomvds></edom><edom><edomv>406</edomv><edomvd>Dam or Weir</edomvd><edomvds>CT DEP, USGS</edomvds></edom><edom><edomv>407</edomv><edomvd>Canal, Lock, or Sluice Gate</edomvd><edomvds>CT DEP, USGS</edomvds></edom><edom><edomv>408</edomv><edomvd>Spillway</edomvd><edomvds>CT DEP, USGS</edomvds></edom><edom><edomv>409</edomv><edomvd>Gate (Flood, Tidal, Head, Check)</edomvd><edomvds>CT DEP, USGS</edomvds></edom><edom><edomv>410</edomv><edomvd>Boundary of Rock in Open Water</edomvd><edomvds>CT DEP, USGS</edomvds></edom><edom><edomv>412</edomv><edomvd>Single line Rivers, Streams and Brooks</edomvd><edomvds>CT DEP, USGS</edomvds></edom><edom><edomv>414</edomv><edomvd>Ditch or Canal</edomvd><edomvds>CT DEP, USGS</edomvds></edom><edom><edomv>415</edomv><edomvd>Aqueduct</edomvd><edomvds>CT DEP, USGS</edomvds></edom><edom><edomv>417</edomv><edomvd>Penstock</edomvd><edomvds>CT DEP, USGS</edomvds></edom><edom><edomv>418</edomv><edomvd>Siphon</edomvd><edomvds>CT DEP, USGS</edomvds></edom><edom><edomv>419</edomv><edomvd>Boundary of Channel in Open Water</edomvd><edomvds>CT DEP, USGS</edomvds></edom><edom><edomv>601200</edomv><edomvd>Underground Shoreline</edomvd><edomvds>CT DEP, USGS</edomvds></edom><edom><edomv>601412</edomv><edomvd>Underground Stream</edomvd><edomvds>CT DEP, USGS</edomvds></edom><edom><edomv>601415</edomv><edomvd>Underground Aqueduct</edomvd><edomvds>CT DEP, USGS</edomvds></edom><edom><edomv>610200</edomv><edomvd>Intermittent Shoreline</edomvd><edomvds>CT DEP, USGS</edomvds></edom><edom><edomv>610412</edomv><edomvd>Intermittent Stream</edomvd><edomvds>CT DEP, USGS</edomvds></edom><edom><edomv>610414</edomv><edomvd>Intermittent Ditch or Canal</edomvd><edomvds>CT DEP, USGS</edomvds></edom><edom><edomv>611414</edomv><edomvd>Abandoned or Discontinued Ditch</edomvd><edomvds>CT DEP, USGS</edomvds></edom><edom><edomv>611415</edomv><edomvd>Abandoned Aqueduct</edomvd><edomvds>CT DEP, USGS</edomvds></edom><edom><edomv>612200</edomv><edomvd>Submerged or Sunken Shoreline</edomvd><edomvds>CT DEP, USGS</edomvds></edom><edom><edomv>612412</edomv><edomvd>Submerged or Sunken Stream</edomvd><edomvds>CT DEP, USGS</edomvds></edom></attrdomv></attr><attr><attrlabl Sync="TRUE">HYDRO_ARC</attrlabl><attalias Sync="TRUE">HYDRO_ARC</attalias><attrtype Sync="TRUE">String</attrtype><attwidth Sync="TRUE">50</attwidth><atprecis Sync="TRUE">0</atprecis><attscale Sync="TRUE">0</attscale><attrdef>Hydrography Arc Type. Text values that correspond to the numeric HYARC_COD attribute values. HYDRO_ARC is the English language equivalent of (decodes) the HYARC_COD field.</attrdef><attrdefs>State of Connecticut, Department of Environmental Protection</attrdefs><attrdomv><udom>See Enumerated Domain Value Definitions for HYARC_COD attribute.</udom></attrdomv></attr></detailed>
	</eainfo>
	<mdDateSt Sync="TRUE">20120126</mdDateSt>
	<dataqual>
		<lineage/>
	</dataqual>
	<distInfo>
		<distributor>
			<distorTran>
				<onLineSrc>
					<orDesc Sync="TRUE">002</orDesc>
					<linkage Sync="TRUE">Server=10.18.8.60; Service=sde92:sqlserver:10.18.8.60; Database=depgis; User=dep; Version=sde.DEFAULT</linkage>
					<protocol Sync="TRUE">ArcSDE Connection</protocol>
				</onLineSrc>
			</distorTran>
			<distorFormat>
				<formatName Sync="TRUE">SDE Table</formatName>
			</distorFormat>
		</distributor>
		<distFormat><formatName Sync="TRUE">dBASE Table</formatName></distFormat><distTranOps><transSize Sync="TRUE">0.000</transSize></distTranOps></distInfo>
</metadata>
