<?xml version="1.0" encoding="UTF-8"?>
<metadata xmlns:xs="http://www.w3.org/2001/XMLSchema" xmlns:fn="http://www.w3.org/2005/xpath-functions" xmlns:xdt="http://www.w3.org/2005/xpath-datatypes">
<idinfo>
<citation>
<citeinfo>
<origin>NJ Department of Environmental Protection (NJDEP), Office of Information Resources Management (OIRM), Bureau of Geographic Information Systems (BGIS)</origin>
<origin>New Jersey Office of Information Technology (NJOIT), Office of Geographic Information Systems (OGIS)</origin>
<pubdate>20121228</pubdate>
<title>Municipalities of New Jersey (Clipped to Coast), Edition 20121228 (Govt_admin_mun_coast_bnd)</title>
<edition>20121228</edition>
<geoform>vector digital data</geoform>
<pubinfo>
<pubplace>Trenton, NJ</pubplace>
<publish>NJ Office of Information Technology (NJOIT), Office of Geographic Information Systems (OGIS)</publish>
</pubinfo>
<onlink>http://www.nj.gov/dep/gis/listall.html</onlink>
<onlink>http://www.nj.gov/dep/gis/geowebsplash.htm</onlink>
</citeinfo>
</citation>
<descript>
<abstract>
This data set is a spatial representation of the most current version of municipalities in New Jersey provided by OIT/OGIS.  NJDEP clipped the data using the detailed and updated layer "NJDEP Coastline of New Jersey"  for various uses.    Spatial accuracy was improved upon from earlier municipalities data by integrating features that are coincident with municipal boundaries from other high quality source data sets.

This current version of Municipalitites (clipped to coast) shows various updates (listed in processing steps) along with showing the merger of Princeton Borough and Princeton Township to create Princeton.

Abstract for NJ Municipalitities (the source of this clipped data):

This data set is a spatial representation of municipalities in New Jersey developed by the New Jersey Office of Information Technology (OIT), Office of Geographic Information Systems (OGIS).  It is not a survey document and should not be used as such.  The polygons delineated in this data set do not represent legal boundaries.

This data set improves upon previous versions of municipal boundaries through the integration of coincident features from several high quality source data sets, as a component of the OGIS statewide Parcels Normalization Project concluded in March 2010.  Updates continue to be made as necessary.
</abstract>
<purpose>To provide basic jurisdictional information.  This data set was developed to produce the most accurate delineation of municipal boundaries achievable from existing data sources.Note:  Data has been clipped to the coastline of New Jersey by the NJDEP for various uses.</purpose>
<supplinf>
Note:  Data has been clipped to the coastline of New Jersey by the NJDEP for various uses.

Spatially referenced data were derived from the following GIS data sets to build municipal boundaries.  They include:

Delaware Geological Survey - New Jersey/Delaware boundary data
New Jersey Department of Agriculture, State Agricultural Development Committee, Farmland Preservation Program - preserved farmland boundary data from property surveys
New Jersey Department of Environmental Protection, Green Acres Program - open space boundary data from property surveys
New Jersey Department of Environmental Protection, Bureau of Geographic Information Systems - New Jersey/New York boundary data for Ellis Island
New Jersey Department of Environmental Protection, Bureau of Geographic Information Systems - hydro (stream) centerline data
New Jersey Department of Environmental Protection, Bureau of Geographic Information Systems - land use/landcover data
New Jersey Department of Environmental Protection, Bureau of Geographic Information Systems - municipal boundaries data from US Geological Survey topographic maps
New Jersey Department of Environmental Protection, New Jersey Geological Survey - New Jersey/New York boundary data for the northern border of New Jersey, and New Jersey/New York boundary data through Shooters Island off the shoreline of Bayonne
New Jersey Department of Transportation - road centerline data
New Jersey Office of Information Technology, Office of Geographic Information Systems - New Jersey/Pennsylvania boundary data, and river and bay outlet data
Various county or municipal agencies - State-certified digital tax map data and digital parcel data
</supplinf>
</descript>
<timeperd>
<timeinfo>
<sngdate>
<caldate>20121228</caldate>
</sngdate>
</timeinfo>
<current>ground condition</current>
</timeperd>
<status>
<progress>Complete</progress>
<update>As needed</update>
</status>
<spdom>
<bounding>
<westbc>-75.587324</westbc>
<eastbc>-73.890300</eastbc>
<northbc>41.358658</northbc>
<southbc>38.897170</southbc>
</bounding>
</spdom>
<keywords>
<theme>
<themekt>ISO 19115 Topic Category</themekt>
<themekey>boundaries</themekey>
</theme>
<theme>
<themekt>NJGIN</themekt>
<themekey>njfw_boundaries</themekey>
</theme>
<theme>
<themekt>None</themekt>
<themekey>municipal</themekey>
<themekey>municipality</themekey>
<themekey>municipalities</themekey>
<themekey>village</themekey>
<themekey>borough</themekey>
<themekey>town</themekey>
<themekey>township</themekey>
<themekey>city</themekey>
<themekey>county</themekey>
<themekey>counties</themekey>
<themekey>boundary</themekey>
<themekey>boundaries</themekey>
<themekey>minor civil divisions</themekey>
</theme>
<theme>
<themekt>User</themekt>
<themekey>Govt_admin_mun_coast_bnd</themekey>
<themekey>muncoast</themekey>
</theme>
<place>
<placekt>None</placekt>
<placekey>Burlington County</placekey>
<placekey>Camden County</placekey>
<placekey>Cape May County</placekey>
<placekey>Cumberland County</placekey>
<placekey>Essex County</placekey>
<placekey>Gloucester County</placekey>
<placekey>Hudson County</placekey>
<placekey>Hunterdon County</placekey>
<placekey>Mercer County</placekey>
<placekey>Middlesex County</placekey>
<placekey>Monmouth County</placekey>
<placekey>Morris County</placekey>
<placekey>New Jersey</placekey>
<placekey>Ocean County</placekey>
<placekey>Passaic County</placekey>
<placekey>Salem County</placekey>
<placekey>Somerset County</placekey>
<placekey>Sussex County</placekey>
<placekey>Union County</placekey>
<placekey>Warren County</placekey>
<placekey>NJ</placekey>
<placekey>Atlantic County</placekey>
<placekey>Bergen County</placekey>
<placekey>USA</placekey>
</place>
<temporal>
<tempkt>None</tempkt>
<tempkey>2008</tempkey>
<tempkey>2009</tempkey>
<tempkey>2010</tempkey>
<tempkey>2011</tempkey>
<tempkey>2012</tempkey>
</temporal>
</keywords>
<accconst>None</accconst>
<useconst>
This data set is not a survey document and should not be used as such.  The polygons delineated in this data set do not represent legal boundaries.

Acknowledgement of the data set provider, the New Jersey Office of Information Technology, Office of Geographic Information Systems (NJOIT - OGIS), would be appreciated for maps, data or other products derived from this data set.

For all data contained herein, the New Jersey Office of Information Technology, Office of Geographic Information Systems makes no representations of any kind, including, but not limited to, the warranties of merchantability or fitness for a particular use, nor are any such warranties to be implied with respect to the digital data layers furnished hereunder.  The New Jersey Office of Information Technology, Office of Geographic Information Systems assumes no responsibility to maintain them in any manner or form.
</useconst>
<ptcontac>
<cntinfo>
<cntorgp>
<cntorg>NJ Office of Information Technology (NJOIT), Office of Geographic Information Systems (OGIS)</cntorg>
<cntper>Douglas M. Schleifer</cntper>
</cntorgp>
<cntpos>GIS Specialist</cntpos>
<cntaddr>
<addrtype>mailing address</addrtype>
<address>PO Box 212</address>
<city>Trenton</city>
<state>NJ</state>
<postal>08625-0212</postal>
</cntaddr>
<cntvoice>(609) 984-7544</cntvoice>
<cntfax>(609) 633-0400</cntfax>
<cntemail>doug.schleifer@oit.state.nj.us</cntemail>
</cntinfo>
</ptcontac>
<browse>
<browsen>http://www.state.nj.us/dep/gis/digidownload/images/statewide/muncoast.gif</browsen>
<browsed>image</browsed>
<browset>GIF</browset>
</browse>
<datacred>
Delaware Geological Survey - New Jersey/Delaware boundary data
New Jersey Department of Agriculture, State Agricultural Development Committee, Farmland Preservation Program - preserved farmland boundary data from property surveys
New Jersey Department of Environmental Protection, Green Acres Program - open space boundary data from property surveys
New Jersey Department of Environmental Protection, Bureau of Geographic Information Systems - New Jersey/New York boundary data for Ellis Island
New Jersey Department of Environmental Protection, Bureau of Geographic Information Systems - hydro (stream) centerline data
New Jersey Department of Environmental Protection, Bureau of Geographic Information Systems - land use/landcover data
New Jersey Department of Environmental Protection, Bureau of Geographic Information Systems - municipal boundaries data from US Geological Survey topographic maps
New Jersey Department of Environmental Protection, New Jersey Geological Survey - New Jersey/New York boundary data for the northern border of New Jersey, and New Jersey/New York boundary data through Shooters Island off the shoreline of Bayonne
New Jersey Department of Transportation - road centerline data
New Jersey Office of Information Technology, Office of Geographic Information Systems - New Jersey/Pennsylvania boundary data, and river and bay outlet data
Various county or municipal agencies - State-certified digital tax map data and digital parcel data
</datacred>
<secinfo>
<secsys>NJGIN</secsys>
<secclass>public</secclass>
<sechandl>no special handling required</sechandl>
</secinfo>
<native>Microsoft Windows XP Version 5.1 (Build 2600) Service Pack 3; ESRI ArcCatalog 9.3.1.1850</native>
</idinfo>
<dataqual>
<attracc>
<attraccr>Values in the MUN_CODE field were populated based on the NJ1040 codes.  The ACRES and SQ_MILES fields were recalculated based on SHAPE_AREA.  In addition, POPDEN2010, POPDEN2000, POPDEN1990, and POPDEN1980 were recalculated based on the updated number of square miles in the SQ_MILES field.  All municipal name changes are current to January 2012.  Attributes for Geographical Naming Information System (GNIS) codes and names were thoroughly reviewed in collaboration with Bureau of Geographic Names - US Geological Survey and US Census Bureau representatives.  No formal accuracy testing was performed to qualify or validate attribute data.  All other attribute information was carried over from the most current NJDEP municipality boundaries (stmun) layer and is assumed correct.</attraccr>
</attracc>
<logic>
Polygons were built from the NJOIT-OGIS Municipal Boundaries of New Jersey (nj_munis_arcs) line data set using the default cluster tolerance of 0.003 US survey feet.  Municipalities with multiple disconnected areas were created as multi-part polygons.

A spatial join was created with the centroids of the NJDEP municipality boundaries (stmun) layer as a quality control check.  An examination of the attribute table ensured that each polygon contained a single centroid and any errors were resolved.  A topology rule set was also built to ensure there were no gores (gaps) or overlaps between polygons.
</logic>
<complete>Complete</complete>
<posacc>
<horizpa>
<horizpar>Horizontal positional accuracy used to generate municipal boundaries varies by source data used to create the NJOIT-OGIS Municipalities of New Jersey (nj_munis) data set.  No formal horizontal positional accuracy testing was performed to qualify or validate these data.  Data were visually inspected.</horizpar>
</horizpa>
</posacc>
<lineage>
<srcinfo>
<srccite>
<citeinfo>
<origin>New Jersey Department of Environmental Protection (NJDEP), Office of Information Resources Management (OIRM), Bureau of Geographic Information Systems (BGIS)</origin>
<pubdate>200606</pubdate>
<title>NJDEP 2002 Streams Update for New Jersey (DRAFTS)</title>
<geoform>vector digital data</geoform>
<pubinfo>
<pubplace>Trenton, NJ</pubplace>
<publish>New Jersey Department of Environmental Protection (NJDEP), Office of Information Resources Management (OIRM), Bureau of Geographic Information Systems (BGIS)</publish>
</pubinfo>
<onlink>http://www.nj.gov/dep/gis/hydro02shp.html</onlink>
</citeinfo>
</srccite>
<srcscale>2400</srcscale>
<typesrc>online</typesrc>
<srctime>
<timeinfo>
<sngdate>
<caldate>2002</caldate>
</sngdate>
</timeinfo>
<srccurr>ground condition</srccurr>
</srctime>
<srccitea>hydro</srccitea>
<srccontr>New Jersey Department of Environmental Protection, Bureau of Geographic Information Systems hydro (stream) centerline data.</srccontr>
</srcinfo>
<srcinfo>
<srccite>
<citeinfo>
<origin>New Jersey Department of Transportation (NJDOT), Geographic Information Systems (GIS)</origin>
<pubdate>20070423</pubdate>
<title>NJ_Roadway_Network</title>
<geoform>vector digital data</geoform>
<pubinfo>
<pubplace>Trenton, NJ</pubplace>
<publish>New Jersey Department of Transportation (NJDOT), Geographic Information Systems (GIS)</publish>
</pubinfo>
<onlink>http://www.nj.gov/transportation/gis/data.shtm</onlink>
</citeinfo>
</srccite>
<srcscale>2400</srcscale>
<typesrc>online</typesrc>
<srctime>
<timeinfo>
<sngdate>
<caldate>2006</caldate>
</sngdate>
</timeinfo>
<srccurr>ground condition</srccurr>
</srctime>
<srccitea>roads</srccitea>
<srccontr>New Jersey Department of Transportation road centerline data.</srccontr>
</srcinfo>
<srcinfo>
<srccite>
<citeinfo>
<origin>NJDEP Green Acres Program</origin>
<pubdate>200610</pubdate>
<title>Green Acres Open Space</title>
<geoform>vector digital data</geoform>
<pubinfo>
<pubplace>Trenton, NJ</pubplace>
<publish>NJDEP Green Acres Program</publish>
</pubinfo>
<onlink>none</onlink>
</citeinfo>
</srccite>
<srcscale>unknown</srcscale>
<typesrc>electronic mail system</typesrc>
<srctime>
<timeinfo>
<sngdate>
<caldate>2006</caldate>
</sngdate>
</timeinfo>
<srccurr>publication date</srccurr>
</srctime>
<srccitea>greenacres</srccitea>
<srccontr>New Jersey Department of Environmental Protection, Green Acres Program open space boundary data from property surveys.</srccontr>
</srcinfo>
<srcinfo>
<srccite>
<citeinfo>
<origin>NJ Department of Agriculture SADC Preserved Farmland Program</origin>
<pubdate>200705</pubdate>
<title>SADC Preserved Farmland</title>
<geoform>vector digital data</geoform>
<pubinfo>
<pubplace>Trenton, NJ</pubplace>
<publish>NJ Department of Agriculture SADC Preserved Farmland Program</publish>
</pubinfo>
<onlink>none</onlink>
</citeinfo>
</srccite>
<srcscale>unknown</srcscale>
<typesrc>electronic mail system</typesrc>
<srctime>
<timeinfo>
<sngdate>
<caldate>200705</caldate>
</sngdate>
</timeinfo>
<srccurr>ground condition</srccurr>
</srctime>
<srccitea>SADC</srccitea>
<srccontr>New Jersey Department of Agriculture, State Agricultural Development Committee, Farmland Preservation Program preserved farmland boundary data from property surveys.</srccontr>
</srcinfo>
<srcinfo>
<srccite>
<citeinfo>
<origin>New Jersey Department of Environmental Protection (NJDEP), Office of Information Resources Management (OIRM), Bureau of Geographic Information Systems (BGIS)</origin>
<pubdate>20070206</pubdate>
<title>2002 Landuse/Landcover by Watershed Management Area (WMA)</title>
<geoform>vector digital data</geoform>
<pubinfo>
<pubplace>Trenton, NJ</pubplace>
<publish>New Jersey Department of Environmental Protection (NJDEP), Office of Information Resources Management (OIRM), Bureau of Geographic Information Systems (BGIS)</publish>
</pubinfo>
<onlink>http://www.nj.gov/dep/gis/lulc02shp.html</onlink>
</citeinfo>
</srccite>
<srcscale>12000</srcscale>
<typesrc>online</typesrc>
<srctime>
<timeinfo>
<sngdate>
<caldate>2002</caldate>
</sngdate>
</timeinfo>
<srccurr>ground condition</srccurr>
</srctime>
<srccitea>LULC</srccitea>
<srccontr>New Jersey Department of Environmental Protection, Bureau of Geographic Information Systems land use/landcover data.</srccontr>
</srcinfo>
<srcinfo>
<srccite>
<citeinfo>
<origin>New Jersey Department of Environmental Protection, New Jersey Geological Survey</origin>
<pubdate>2007</pubdate>
<title>New Jersey Department of Environmental Protection, New Jersey Geological Survey New Jersey/New York boundary data</title>
<geoform>vector digital data</geoform>
<pubinfo>
<pubplace>West Trenton, NJ</pubplace>
<publish>New Jersey Department of Environmental Protection, New Jersey Geological Survey</publish>
</pubinfo>
<onlink>none</onlink>
</citeinfo>
</srccite>
<srcscale>unknown</srcscale>
<typesrc>electronic mail system</typesrc>
<srctime>
<timeinfo>
<sngdate>
<caldate>2007</caldate>
</sngdate>
</timeinfo>
<srccurr>publication date</srccurr>
</srctime>
<srccitea>NJGS</srccitea>
<srccontr>New Jersey Department of Environmental Protection, New Jersey Geological Survey data of the New Jersey/New York boundary for the northern border of New Jersey from boundary marker survey points, or the New Jersey/New York boundary through Shooters Island off the shoreline of Bayonne from turning points through the Kill Van Kull.</srccontr>
</srcinfo>
<srcinfo>
<srccite>
<citeinfo>
<origin>Delaware Geological Survey</origin>
<pubdate>200401</pubdate>
<title>2002 Delaware State Outline (line)</title>
<geoform>vector digital data</geoform>
<pubinfo>
<pubplace>Newark, DE</pubplace>
<publish>Delaware Geological Survey</publish>
</pubinfo>
<onlink>http://www.state.de.us/planning/info/outline.htm</onlink>
</citeinfo>
</srccite>
<srcscale>unknown</srcscale>
<typesrc>online</typesrc>
<srctime>
<timeinfo>
<sngdate>
<caldate>1935</caldate>
</sngdate>
</timeinfo>
<srccurr>ground condition</srccurr>
</srctime>
<srccitea>DGS</srccitea>
<srccontr>Delaware Geological Survey New Jersey/Delaware boundary delineated from descriptions in a 1934-1935 Court Decree of the US Supreme Court.</srccontr>
</srcinfo>
<srcinfo>
<srccite>
<citeinfo>
<origin>NJ Department of Environmental Protection (NJDEP), Office of Information Resources Management (OIRM), Bureau of Geographic Information Systems (BGIS)</origin>
<pubdate>1999</pubdate>
<title>Ellis Island: New Jersey/New York Jurisdictional Boundary Line</title>
<geoform>vector digital data</geoform>
<pubinfo>
<pubplace>Trenton, NJ</pubplace>
<publish>NJ Department of Environmental Protection (NJDEP), Office of Information Resources Management (OIRM), Bureau of Geographic Information Systems (BGIS)</publish>
</pubinfo>
<onlink>none</onlink>
</citeinfo>
</srccite>
<srcscale>unknown</srcscale>
<typesrc>electronic mail system</typesrc>
<srctime>
<timeinfo>
<sngdate>
<caldate>1857</caldate>
</sngdate>
</timeinfo>
<srccurr>ground condition</srccurr>
</srctime>
<srccitea>Ellis Island</srccitea>
<srccontr>New Jersey Department of Environmental Protection, Bureau of Geographic Information Systems data representing the New Jersey/New York boundary for Ellis Island delineated from an 1857 US Coast Survey Map.</srccontr>
</srcinfo>
<srcinfo>
<srccite>
<citeinfo>
<origin>NJ Department of Environmental Protection (NJDEP), Office of Information Resources Management (OIRM), Bureau of Geographic Information Systems (BGIS)</origin>
<pubdate>20071114</pubdate>
<title>NJDEP Municipality Boundaries for the State of New Jersey</title>
<geoform>vector digital data</geoform>
<pubinfo>
<pubplace>Trenton, NJ</pubplace>
<publish>NJ Department of Environmental Protection (NJDEP), Office of Information Resources Management (OIRM), Bureau of Geographic Information Systems (BGIS)</publish>
</pubinfo>
<onlink>http://www.state.nj.us/dep/gis/digidownload/zips/statewide/stmun.zip</onlink>
</citeinfo>
</srccite>
<srcscale>24000</srcscale>
<typesrc>online</typesrc>
<srctime>
<timeinfo>
<rngdates>
<begdate>1987</begdate>
<enddate>200801</enddate>
</rngdates>
</timeinfo>
<srccurr>publication date</srccurr>
</srctime>
<srccitea>NJDEP munis</srccitea>
<srccontr>New Jersey Department of Environmental Protection, Bureau of Geographic Information Systems municipal boundaries data digitized from various US Geological Survey topographic maps.</srccontr>
</srcinfo>
<srcinfo>
<srccite>
<citeinfo>
<origin>United States Board on Geographic Names, United State Geological Survey</origin>
<pubdate>200804</pubdate>
<title>Domestic Names - State and Topical Gazetteer Download Files</title>
<geoform>tabular digital data</geoform>
<pubinfo>
<pubplace>Reston, VA</pubplace>
<publish>United States Board on Geographic Names, United State Geological Survey</publish>
</pubinfo>
<onlink>http://geonames.usgs.gov/domestic/download_data.htm</onlink>
</citeinfo>
</srccite>
<srcscale>not applicable</srcscale>
<typesrc>online</typesrc>
<srctime>
<timeinfo>
<sngdate>
<caldate>200804</caldate>
</sngdate>
</timeinfo>
<srccurr>publication date</srccurr>
</srctime>
<srccitea>GNIS</srccitea>
<srccontr>United States Board on Geographic Names, United State Geological Survey GNIS civil codes and names</srccontr>
</srcinfo>
<procstep>
<procdesc>New Jersey Department of Environmental Protection, Bureau of Geographic Information Systems hydro (stream) centerline data were used as a primary data source.  These data were derived from New Jersey Office of Information Technology, Office of Geographic Information Systems 2002 orthophotography (+/-4 feet).  Hydro centerlines were integrated where known to be coincident with municipal boundaries as shown on municipal tax maps.</procdesc>
<procdate>2007</procdate>
<proccont>
<cntinfo>
<cntorgp>
<cntorg>Civil Solutions</cntorg>
<cntper>Steve Eckhardt</cntper>
</cntorgp>
<cntpos>GIS Client Manager</cntpos>
<cntaddr>
<addrtype>mailing address</addrtype>
<address>800 S White Horse Pike, PO Box 579</address>
<city>Hammonton</city>
<state>NJ</state>
<postal>08037-2019</postal>
</cntaddr>
<cntvoice>(800) 924-0482</cntvoice>
<cntfax>(609) 704-8011</cntfax>
<cntemail>seckh@arh-us.com</cntemail>
</cntinfo>
</proccont>
</procstep>
<procstep>
<procdesc>New Jersey Department of Transportation road centerlines data were used as a primary data source.  These data were derived from New Jersey Office of Information Technology, Office of Geographic Information Systems 2002 orthophotography (+/-4 feet).  Road centerlines were integrated where known to be coincident with municipal boundaries as shown on municipal tax maps.</procdesc>
<procdate>2007</procdate>
<proccont>
<cntinfo>
<cntorgp>
<cntorg>Civil Solutions</cntorg>
<cntper>Steve Eckhardt</cntper>
</cntorgp>
<cntpos>GIS Client Manager</cntpos>
<cntaddr>
<addrtype>mailing address</addrtype>
<address>800 S White Horse Pike, PO Box 579</address>
<city>Hammonton</city>
<state>NJ</state>
<postal>08037-2019</postal>
</cntaddr>
<cntvoice>(800) 924-0482</cntvoice>
<cntfax>(609) 704-8011</cntfax>
<cntemail>seckh@arh-us.com</cntemail>
</cntinfo>
</proccont>
</procstep>
<procstep>
<procdesc>New Jersey Department of Environmental Protection, Green Acres Program open space boundary data were used as a primary data source.  These data were derived from Green Acres open space property surveys.  Survey boundaries were integrated where known to be coincident with municipal boundaries as shown on municipal tax maps.</procdesc>
<procdate>2007</procdate>
<proccont>
<cntinfo>
<cntorgp>
<cntorg>Civil Solutions</cntorg>
<cntper>Steve Eckhardt</cntper>
</cntorgp>
<cntpos>GIS Client Manager</cntpos>
<cntaddr>
<addrtype>mailing address</addrtype>
<address>800 S White Horse Pike, PO Box 579</address>
<city>Hammonton</city>
<state>NJ</state>
<postal>08037-2019</postal>
</cntaddr>
<cntvoice>(800) 924-0482</cntvoice>
<cntfax>(609) 704-8011</cntfax>
<cntemail>seckh@arh-us.com</cntemail>
</cntinfo>
</proccont>
</procstep>
<procstep>
<procdesc>New Jersey Department of Agriculture, State Agricultural Development Committee, Farmland Preservation Program preserved farmland boundary data were used as a primary data source.  These data were derived from Farmland Preservation preserved farmland property surveys.  Survey and non-survey (some municipal boundary lines were not mapped as survey lines) boundaries were integrated where known to be coincident with municipal boundaries as shown on municipal tax maps.</procdesc>
<procdate>2007</procdate>
<proccont>
<cntinfo>
<cntorgp>
<cntorg>Civil Solutions</cntorg>
<cntper>Steve Eckhardt</cntper>
</cntorgp>
<cntpos>GIS Client Manager</cntpos>
<cntaddr>
<addrtype>mailing address</addrtype>
<address>800 S White Horse Pike, PO Box 579</address>
<city>Hammonton</city>
<state>NJ</state>
<postal>08037-2019</postal>
</cntaddr>
<cntvoice>(800) 924-0482</cntvoice>
<cntfax>(609) 704-8011</cntfax>
<cntemail>seckh@arh-us.com</cntemail>
</cntinfo>
</proccont>
</procstep>
<procstep>
<procdesc>New Jersey Department of Environmental Protection, Bureau of Geographic Information Systems land use/landcover data were used as a primary data source.  These data were derived from New Jersey Office of Information Technology, Office of Geographic Information Systems 2002 orthophotography (+/-4 feet).  Land use/landcover delineations were used to represent municipal boundaries coincident with shorelines.</procdesc>
<procdate>2007</procdate>
<proccont>
<cntinfo>
<cntorgp>
<cntorg>Civil Solutions</cntorg>
<cntper>Steve Eckhardt</cntper>
</cntorgp>
<cntpos>GIS Client Manager</cntpos>
<cntaddr>
<addrtype>mailing address</addrtype>
<address>800 S White Horse Pike, PO Box 579</address>
<city>Hammonton</city>
<state>NJ</state>
<postal>08037-2019</postal>
</cntaddr>
<cntvoice>(800) 924-0482</cntvoice>
<cntfax>(609) 704-8011</cntfax>
<cntemail>seckh@arh-us.com</cntemail>
</cntinfo>
</proccont>
</procstep>
<procstep>
<procdesc>New Jersey Department of Environmental Protection, New Jersey Geological Survey boundary data for the northern border of New Jersey and through Shooters Island, off the shoreline of Bayonne, were used as primary data sources.  Survey points were used to delineate the New Jersey/New York boundary for the northern border of the state.  Turning points through the Kill Van Kull were used to delineate the New Jersey/New York boundary through Shooters Island.</procdesc>
<procdate>2007</procdate>
<proccont>
<cntinfo>
<cntorgp>
<cntorg>Civil Solutions</cntorg>
<cntper>Steve Eckhardt</cntper>
</cntorgp>
<cntpos>GIS Client Manager</cntpos>
<cntaddr>
<addrtype>mailing address</addrtype>
<address>800 S White Horse Pike, PO Box 579</address>
<city>Hammonton</city>
<state>NJ</state>
<postal>08037-2019</postal>
</cntaddr>
<cntvoice>(800) 924-0482</cntvoice>
<cntfax>(609) 704-8011</cntfax>
<cntemail>seckh@arh-us.com</cntemail>
</cntinfo>
</proccont>
</procstep>
<procstep>
<procdesc>Delaware Geological Survey boundary data for segments of the New Jersey/Delaware border were used as a primary data source.  Boundary, boundary monument, and boundary reference monument positions were calculated at the 1934 mean low water line along the New Jersey shoreline from descriptions in a 1934/1935 United States Supreme Court Decree.  These data were used to represent municipal boundaries coincident with shorelines as shown on municipal tax maps.</procdesc>
<procdate>2007</procdate>
<proccont>
<cntinfo>
<cntorgp>
<cntorg>Civil Solutions</cntorg>
<cntper>Steve Eckhardt</cntper>
</cntorgp>
<cntpos>GIS Client Manager</cntpos>
<cntaddr>
<addrtype>mailing address</addrtype>
<address>800 S White Horse Pike, PO Box 579</address>
<city>Hammonton</city>
<state>NJ</state>
<postal>08037-2019</postal>
</cntaddr>
<cntvoice>(800) 924-0482</cntvoice>
<cntfax>(609) 704-8011</cntfax>
<cntemail>seckh@arh-us.com</cntemail>
</cntinfo>
</proccont>
</procstep>
<procstep>
<procdesc>New Jersey Department of Environmental Protection, Bureau of Geographic Information Systems data representing the New Jersey/New York boundary for Ellis Island were used as a primary data source.  These data were delineated from an 1857 United States Coast Survey Map.</procdesc>
<procdate>2007</procdate>
<proccont>
<cntinfo>
<cntorgp>
<cntorg>Civil Solutions</cntorg>
<cntper>Steve Eckhardt</cntper>
</cntorgp>
<cntpos>GIS Client Manager</cntpos>
<cntaddr>
<addrtype>mailing address</addrtype>
<address>800 S White Horse Pike, PO Box 579</address>
<city>Hammonton</city>
<state>NJ</state>
<postal>08037-2019</postal>
</cntaddr>
<cntvoice>(800) 924-0482</cntvoice>
<cntfax>(609) 704-8011</cntfax>
<cntemail>seckh@arh-us.com</cntemail>
</cntinfo>
</proccont>
</procstep>
<procstep>
<procdesc>State-certified digital tax map data were used as a primary data source.  State-certified digital tax map data is presumed to have a higher level of accuracy than digital parcel data.  These data were used to delineate municipal boundaries where they could not be derived from other primary data sources.</procdesc>
<procdate>2008</procdate>
<proccont>
<cntinfo>
<cntorgp>
<cntorg>Civil Solutions</cntorg>
<cntper>Steve Eckhardt</cntper>
</cntorgp>
<cntpos>GIS Client Manager</cntpos>
<cntaddr>
<addrtype>mailing address</addrtype>
<address>800 S White Horse Pike, PO Box 579</address>
<city>Hammonton</city>
<state>NJ</state>
<postal>08037-2019</postal>
</cntaddr>
<cntvoice>(800) 924-0482</cntvoice>
<cntfax>(609) 704-8011</cntfax>
<cntemail>seckh@arh-us.com</cntemail>
</cntinfo>
</proccont>
</procstep>
<procstep>
<procdesc>Digital parcel data were used to delineate municipal boundaries where they could not be derived from primary data sources.</procdesc>
<procdate>2008</procdate>
<proccont>
<cntinfo>
<cntorgp>
<cntorg>Civil Solutions</cntorg>
<cntper>Steve Eckhardt</cntper>
</cntorgp>
<cntpos>GIS Client Manager</cntpos>
<cntaddr>
<addrtype>mailing address</addrtype>
<address>800 S White Horse Pike, PO Box 579</address>
<city>Hammonton</city>
<state>NJ</state>
<postal>08037-2019</postal>
</cntaddr>
<cntvoice>(800) 924-0482</cntvoice>
<cntfax>(609) 704-8011</cntfax>
<cntemail>seckh@arh-us.com</cntemail>
</cntinfo>
</proccont>
</procstep>
<procstep>
<procdesc>Data delineated to connect shorelines across the outlet of a river to a bay or the ocean, or across the outlet of a bay to the ocean were developed for the project.  These data were interpreted from New Jersey Office of Information Technology, Office of Geographic Information Systems 2002 orthophotography (+/-4 feet).  Outlet delineations were integrated where known to be coincident with municipal boundaries as shown on municipal tax maps.</procdesc>
<procdate>2008</procdate>
<proccont>
<cntinfo>
<cntorgp>
<cntorg>Civil Solutions</cntorg>
<cntper>Steve Eckhardt</cntper>
</cntorgp>
<cntpos>GIS Client Manager</cntpos>
<cntaddr>
<addrtype>mailing address</addrtype>
<address>800 S White Horse Pike, PO Box 579</address>
<city>Hammonton</city>
<state>NJ</state>
<postal>08037-2019</postal>
</cntaddr>
<cntvoice>(800) 924-0482</cntvoice>
<cntfax>(609) 704-8011</cntfax>
<cntemail>seckh@arh-us.com</cntemail>
</cntinfo>
</proccont>
</procstep>
<procstep>
<procdesc>
Data delineated to represent the centerline of the Delaware River were developed for the project.  An inventory of Delaware River islands with state jurisdiction was developed from information in "The Story Of New Jersey's Civil Boundaries 1606 - 1968" by John F. Snyder, Bureau of Geology and Topography, Trenton, New Jersey, 1969.  Using this information, a delineation was generated to represent the centerline of the Delaware River from the New Jersey/New York border to the 12 mile circle at the New Jersey/Delaware border.  
				
The delineation of the centerline of the Delaware River was generated by manually digitizing the river's visible shorelines, interpreted from New Jersey Office of Information Technology, Office of Geographic Information Systems 2002 orthophotography (+/-4 feet).  A centerline was generated from the shorelines utilizing the DUAL COLLAPSE command in ArcGIS ArcInfo 9.2.  Using the automated centerline as a guide, the final delineation was manually digitized to provide a smoother, more visually suitable centerline.
				
The centerline of the Delaware River represents the boundary between New Jersey and Pennsylvania.  These data were used to represent municipal boundaries coincident with the river centerline as shown on municipal tax maps.
</procdesc>
<procdate>2008</procdate>
<proccont>
<cntinfo>
<cntorgp>
<cntorg>Civil Solutions</cntorg>
<cntper>Steve Eckhardt</cntper>
</cntorgp>
<cntpos>GIS Client Manager</cntpos>
<cntaddr>
<addrtype>mailing address</addrtype>
<address>800 S White Horse Pike, PO Box 579</address>
<city>Hammonton</city>
<state>NJ</state>
<postal>08037-2019</postal>
</cntaddr>
<cntvoice>(800) 924-0482</cntvoice>
<cntfax>(609) 704-8011</cntfax>
<cntemail>seckh@arh-us.com</cntemail>
</cntinfo>
</proccont>
</procstep>
<procstep>
<procdesc>Data adjusted from original New Jersey Department of Transportation road centerlines, or delineated from railroad lines or other photo-identifiable features, interpreted from New Jersey Office of Information Technology, Office of Geographic Information Systems 2002 orthophotography (+/-4 feet) were developed for the project.  These data were integrated where known to be coincident with municipal boundaries as shown on municipal tax maps.</procdesc>
<procdate>2008</procdate>
<proccont>
<cntinfo>
<cntorgp>
<cntorg>Civil Solutions</cntorg>
<cntper>Steve Eckhardt</cntper>
</cntorgp>
<cntpos>GIS Client Manager</cntpos>
<cntaddr>
<addrtype>mailing address</addrtype>
<address>800 S White Horse Pike, PO Box 579</address>
<city>Hammonton</city>
<state>NJ</state>
<postal>08037-2019</postal>
</cntaddr>
<cntvoice>(800) 924-0482</cntvoice>
<cntfax>(609) 704-8011</cntfax>
<cntemail>seckh@arh-us.com</cntemail>
</cntinfo>
</proccont>
</procstep>
<procstep>
<procdesc>New Jersey Department of Environmental Protection, Bureau of Geographic Information Systems municipality boundaries (stmun) data digitized from various United States Geological Survey topographic maps were integrated where there was a lack of available or adequate alternative source information and data.</procdesc>
<procdate>2008</procdate>
<proccont>
<cntinfo>
<cntorgp>
<cntorg>Civil Solutions</cntorg>
<cntper>Steve Eckhardt</cntper>
</cntorgp>
<cntpos>GIS Client Manager</cntpos>
<cntaddr>
<addrtype>mailing address</addrtype>
<address>800 S White Horse Pike, PO Box 579</address>
<city>Hammonton</city>
<state>NJ</state>
<postal>08037-2019</postal>
</cntaddr>
<cntvoice>(800) 924-0482</cntvoice>
<cntfax>(609) 704-8011</cntfax>
<cntemail>seckh@arh-us.com</cntemail>
</cntinfo>
</proccont>
</procstep>
<procstep>
<procdesc>A QAQC process was undertaken with County GIS Coordinators to review the draft data and report linework needing modification.  All counties, except for Middlesex, participated in this process.  Modifications were made in several of the counties.  Consequently, all County GIS Coordinators were satisfied with the outcome.</procdesc>
<procdate>200804</procdate>
<proccont>
<cntinfo>
<cntorgp>
<cntorg>Civil Solutions</cntorg>
<cntper>Steve Eckhardt</cntper>
</cntorgp>
<cntpos>GIS Client Manager</cntpos>
<cntaddr>
<addrtype>mailing address</addrtype>
<address>800 S White Horse Pike, PO Box 579</address>
<city>Hammonton</city>
<state>NJ</state>
<postal>08037-2019</postal>
</cntaddr>
<cntvoice>(800) 924-0482</cntvoice>
<cntfax>(609) 704-8011</cntfax>
<cntemail>seckh@arh-us.com</cntemail>
</cntinfo>
</proccont>
</procstep>
<procstep>
<procdesc>
Polygons were built from the NJOIT-OGIS Municipal Boundaries of New Jersey (nj_munis_arcs) line layer in ArcCatalog using the POLYGON FEATURE CLASS FROM LINES command with the default cluster tolerance of 0.003 US survey feet.  Municipalities with multiple disconnected areas were created as multi-part polygons.

A spatial join was created with the centroids of the NJDEP municipality boundaries (stmun) layer as a quality control check.  An examination of the attribute table ensured that each polygon contained a single centroid and any errors were resolved.  A topology rule set was also built to ensure there were no gores (gaps) or overlaps between polygons.
</procdesc>
<procdate>200804</procdate>
<proccont>
<cntinfo>
<cntorgp>
<cntorg>Civil Solutions</cntorg>
<cntper>Stephen Eckhardt</cntper>
</cntorgp>
<cntpos>GIS Client Manager</cntpos>
<cntaddr>
<addrtype>mailing address</addrtype>
<address>800 S White Horse Pike, PO Box 579</address>
<city>Hammonton</city>
<state>New Jersey</state>
<postal>08037-2019</postal>
</cntaddr>
<cntvoice>800-924-0482</cntvoice>
<cntfax>609-704-8011</cntfax>
<cntemail>seckh@arh-us.com</cntemail>
</cntinfo>
</proccont>
</procstep>
<procstep>
<procdesc>Attributes were added to the attribute table.  Values in the MUN_CODE field were populated based on the NJ1040 codes.  The ACRES and SQ_MILES fields were recalculated based on SHAPE_AREA.  In addition, POPDEN2000, POPDEN1990, and POPDEN1980 were recalculated based on the updated number of square miles in the SQ_MILES field.  All municipal name changes are current to January 2008.  Attributes for Geographical Naming Information System (GNIS) codes and names were thoroughly reviewed in collaboration with GNIS-US Geological Survey and US Census Bureau representatives.  No formal accuracy testing was performed to qualify or validate attribute data.  All other attribute information was carried over from the most current NJDEP municipality boundaries (stmun) layer and is assumed correct.</procdesc>
<procdate>200804</procdate>
<proccont>
<cntinfo>
<cntorgp>
<cntorg>Civil Solutions</cntorg>
<cntper>Stephen Eckhardt</cntper>
</cntorgp>
<cntpos>GIS Client Manager</cntpos>
<cntaddr>
<addrtype>mailing address</addrtype>
<address>800 S White Horse Pike, PO Box 579</address>
<city>Hammonton</city>
<state>New Jersey</state>
<postal>08037-2019</postal>
</cntaddr>
<cntvoice>800-924-0482</cntvoice>
<cntfax>609-704-8011</cntfax>
<cntemail>seckh@arh-us.com</cntemail>
</cntinfo>
</proccont>
</procstep>
<procstep>
<procdesc>A null value polygon sliver measuring approximately 0.5 square feet was removed from Burlington County.  It is assumed this data artifact developed during processing the data set from lines (arcs) to polygons.  The data set was visually checked for possible additional slivers and none were found.</procdesc>
<procdate>20080627</procdate>
<proccont>
<cntinfo>
<cntorgp>
<cntorg>New Jersey Office of Information Technology (NJOIT) - Office of Geographic Information Systems (OGIS)</cntorg>
<cntper>Douglas M. Schleifer</cntper>
</cntorgp>
<cntpos>GIS Specialist</cntpos>
<cntaddr>
<addrtype>mailing address</addrtype>
<address>PO Box 212</address>
<city>Trenton</city>
<state>NJ</state>
<postal>08625-0212</postal>
</cntaddr>
<cntvoice>(609) 984-7544</cntvoice>
<cntfax>(609) 633-0400</cntfax>
<cntemail>doug.schleifer@oit.state.nj.us</cntemail>
</cntinfo>
</proccont>
</procstep>
<procstep>
<procdesc>As a component of the New Jersey Office of Information Technology, Office of GIS (OGIS) Parcels Normalization Project in 2008-2010, parcels boundaries were modified to match municipal, county and state boundaries data developed by OGIS in 2008 where those boundaries were coincident.  During this process, modifications were made to the municipal, county and state boundaries data sets to improve spatial and temporal accuracy where research was necessary to resolve boundary conflicts, and in areas where higher quality data became available subsequent to the 2008 boundaries data release.</procdesc>
<procdate>201002</procdate>
<proccont>
<cntinfo>
<cntorgp>
<cntorg>Civil Solutions</cntorg>
<cntper>Steve Eckhardt</cntper>
</cntorgp>
<cntpos>GIS Client Manager</cntpos>
<cntaddr>
<addrtype>mailing address</addrtype>
<address>800 S White Horse Pike, PO Box 579</address>
<city>Hammonton</city>
<state>NJ</state>
<postal>08037-2019</postal>
</cntaddr>
<cntvoice>(800) 924-0482</cntvoice>
<cntfax>(609) 704-8011</cntfax>
<cntemail>seckh@arh-us.com</cntemail>
</cntinfo>
</proccont>
</procstep>
<procstep>
<procdesc>
Supported by tax map documentation, a modification was made to the municipal (and county) boundary along the east shoreline of Osborne Pond between Bernards Township in Somerset County and Harding Township in Morris County.  The modification was made by the New Jersey Office of Information Technology, Office of GIS (OGIS) in consultation with both municipalities and counties.

It was reported by the US Census Bureau to OGIS in July 2010 that the delineation in the statewide municipal boundaries dataset was inconsistent with the municipal boundary submitted by Harding Township as part of the the Local Update of Census Addresses (LUCA) program.  It was subsequently determined that the cause for the incorrect statewide municipal boundaries delineation was an incorrect delineation of a parcel (Harding Township, Block 48.01 Lot 8) in the statewide composite of parcels data (for which the parcels data were used as source data for the municipal boundaries).  The west boundary of the parcel is a segment of the municipal boundary along the east shoreline of Osborne Pond.

The change to Block 48.01 Lot 8 necessitated a modification to four contiguous parcels (Harding Township, Block 48.01, Lots 4, 5, 7 and Block 52, Lot 2) in Harding Township along the east shoreline of Osborne Pond.  Since the west boundaries of Block 48.01, Lots 4, 5, 7 and Block 52, Lot 2 are also segments of the municipal boundary, the municipal boundary was modified to match the change to the parcels.

Two Bernards Township parcels (Block 804, Lot 17 and Block 1701, Lot 1) in the statewide composite of parcels data were also modified to be consistent with the change to the municipal boundary and Harding Township parcels.
</procdesc>
<procdate>201009</procdate>
<proccont>
<cntinfo>
<cntorgp>
<cntorg>Civil Solutions</cntorg>
<cntper>Steve Eckhardt</cntper>
</cntorgp>
<cntpos>GIS Client Manager</cntpos>
<cntaddr>
<addrtype>mailing address</addrtype>
<address>800 S White Horse Pike, PO Box 579</address>
<city>Hammonton</city>
<state>NJ</state>
<postal>08037-2019</postal>
</cntaddr>
<cntvoice>(800) 924-0482</cntvoice>
<cntfax>(609) 704-8011</cntfax>
<cntemail>seckh@arh-us.com</cntemail>
</cntinfo>
</proccont>
</procstep>
<procstep>
<procdesc>In Monmouth County, an area including the Pine View subdivision was annexed to Howell Township from Wall Township in 2005 by Ordinance 05-316.  Referencing the scanned 2010 Wall Tax Map, sheet 74, the municipal boundary was modified to reflect the annexation.</procdesc>
<procdate>20101102</procdate>
<proccont>
<cntinfo>
<cntorgp>
<cntorg>Civil Solutions</cntorg>
<cntper>Steve Eckhardt</cntper>
</cntorgp>
<cntpos>GIS Client Manager</cntpos>
<cntaddr>
<addrtype>mailing address</addrtype>
<address>800 S White Horse Pike, PO Box 579</address>
<city>Hammonton</city>
<state>NJ</state>
<postal>08037-2019</postal>
</cntaddr>
<cntvoice>(800) 924-0482</cntvoice>
<cntfax>(609) 704-8011</cntfax>
<cntemail>seckh@arh-us.com</cntemail>
</cntinfo>
</proccont>
</procstep>
<procstep>
<procdesc>
MUN_CODE values corrected to match values published by the NJ Dept of the Treasury, Division of Taxation, in 2010 tax form 1040 instructions, as follows:

Eagleswood Twp, Ocean County was 1508, now is 1509
Toms River Twp, Ocean County was 1509, now is 1508
</procdesc>
<procdate>20110111</procdate>
<proccont>
<cntinfo>
<cntorgp>
<cntorg>NJ Office of Information Technology (NJOIT), Office of Geographic Information Systems (OGIS)</cntorg>
<cntper>Douglas M. Schleifer</cntper>
</cntorgp>
<cntpos>GIS Specialist</cntpos>
<cntaddr>
<addrtype>mailing address</addrtype>
<address>PO Box 212</address>
<city>Trenton</city>
<state>NJ</state>
<postal>08625-0212</postal>
</cntaddr>
<cntvoice>(609) 984-7544</cntvoice>
<cntfax>(609) 633-0400</cntfax>
<cntemail>doug.schleifer@oit.state.nj.us</cntemail>
</cntinfo>
</proccont>
</procstep>
<procstep>
<procdesc>A modification was made to the Lacey Township/Ocean Township boundary at Oyster Creek where the creek channel was significantly altered to service the Oyster Creek nuclear power plant.  The boundary, which was erroneously delineated as the centerline of the altered creek channel, was modified to a delineation of the creek centerline before it was altered to service the power plant, in the area within close proximity to the US Route 9 bridge over Oyster Creek.  These changes were confirmed with tax maps from both municipalities.</procdesc>
<procdate>201102</procdate>
<proccont>
<cntinfo>
<cntorgp>
<cntorg>Civil Solutions</cntorg>
<cntper>Steve Eckhardt</cntper>
</cntorgp>
<cntpos>GIS Client Manager</cntpos>
<cntaddr>
<addrtype>mailing address</addrtype>
<address>800 S White Horse Pike, PO Box 579</address>
<city>Hammonton</city>
<state>NJ</state>
<postal>08037-2019</postal>
</cntaddr>
<cntvoice>(800) 924-0482</cntvoice>
<cntfax>(609) 704-8011</cntfax>
<cntemail>seckh@arh-us.com</cntemail>
</cntinfo>
</proccont>
</procstep>
<procstep>
<procdesc>A modification was made to the easternmost extent of the Lacey Township/Ocean Township boundary over Barnegat Bay.  The boundary was fixed slightly southward to bisect a small group of islands off the shoreline of Berkeley Township (on the bay side of Island Beach State Park just to the northeast of Sedge Islands).  The northern sections of these islands are located in Lacey Township and the southern sections are located in Ocean Township.</procdesc>
<procdate>201102</procdate>
<proccont>
<cntinfo>
<cntorgp>
<cntorg>Civil Solutions</cntorg>
<cntper>Steve Eckhardt</cntper>
</cntorgp>
<cntpos>GIS Client Manager</cntpos>
<cntaddr>
<addrtype>mailing address</addrtype>
<address>800 S White Horse Pike, PO Box 579</address>
<city>Hammonton</city>
<state>NJ</state>
<postal>08037-2019</postal>
</cntaddr>
<cntvoice>(800) 924-0482</cntvoice>
<cntfax>(609) 704-8011</cntfax>
<cntemail>seckh@arh-us.com</cntemail>
</cntinfo>
</proccont>
</procstep>
<procstep>
<procdesc>A modification was made to the Seaside Heights Borough/Toms River Township boundary over Barnegat Bay.  The boundary surrounding a group of islands (Al's Island, Bill's Island, Jones Island, Mike's Island and Wilde's Island just north of the NJ Route 37 bridge) in Seaside Heights Borough was corrected.</procdesc>
<procdate>201102</procdate>
<proccont>
<cntinfo>
<cntorgp>
<cntorg>Civil Solutions</cntorg>
<cntper>Steve Eckhardt</cntper>
</cntorgp>
<cntpos>GIS Client Manager</cntpos>
<cntaddr>
<addrtype>mailing address</addrtype>
<address>800 S White Horse Pike, PO Box 579</address>
<city>Hammonton</city>
<state>NJ</state>
<postal>08037-2019</postal>
</cntaddr>
<cntvoice>(800) 924-0482</cntvoice>
<cntfax>(609) 704-8011</cntfax>
<cntemail>seckh@arh-us.com</cntemail>
</cntinfo>
</proccont>
</procstep>
<procstep>
<procdesc>
A GNIS civil code value was revised by the USGS Bureau of Geographic Names, as follows:

Saddle Brook Township, Bergen County was 1729721, now 882308.
</procdesc>
<procdate>201102</procdate>
<proccont>
<cntinfo>
<cntorgp>
<cntorg>NJ Office of Information Technology (NJOIT), Office of Geographic Information Systems (OGIS)</cntorg>
<cntper>Douglas M. Schleifer</cntper>
</cntorgp>
<cntpos>GIS Specialist</cntpos>
<cntaddr>
<addrtype>mailing address</addrtype>
<address>PO Box 212</address>
<city>Trenton</city>
<state>NJ</state>
<postal>08625-0212</postal>
</cntaddr>
<cntvoice>(609) 984-7544</cntvoice>
<cntfax>(609) 633-0400</cntfax>
<cntemail>doug.schleifer@oit.state.nj.us</cntemail>
</cntinfo>
</proccont>
</procstep>
<procstep>
<procdesc>An update to parcel boundaries in Marlboro Township in Monmouth County necessitated a change to the municipal boundary (and the Monmouth/Middlesex County boundary).  The change also affected the boundaries of the adjacent municipalities of Aberdeen and Manalapan Townships in Monmouth County, and Old Bridge Township in Middlesex County.  The change was up to approximately 20 feet for Marlboro, Manalapan and Old Bridge Townships, and up to approximately 0.25 feet for Aberdeen Township.</procdesc>
<procdate>201105</procdate>
<proccont>
<cntinfo>
<cntorgp>
<cntorg>Civil Solutions</cntorg>
<cntper>Steve Eckhardt</cntper>
</cntorgp>
<cntpos>GIS Client Manager</cntpos>
<cntaddr>
<addrtype>mailing address</addrtype>
<address>800 S White Horse Pike, PO Box 579</address>
<city>Hammonton</city>
<state>NJ</state>
<postal>08037-2019</postal>
</cntaddr>
<cntvoice>(800) 924-0482</cntvoice>
<cntfax>(609) 704-8011</cntfax>
<cntemail>seckh@arh-us.com</cntemail>
</cntinfo>
</proccont>
</procstep>
<procstep>
<procdesc>An update was made to the Woodbridge Township municipal boundary (which necessitated a change to the Middlesex County boundary).  The municipal (and county) boundary along the Arthur Kill was represented to extend out to the middle of the river to coincide with the state boundary.  However, the municipal (and county) boundary was changed to coincide with the shoreline, based on a preponderance of supporting information.  The Woodbridge Township boundary is described as the shoreline in The Story of New Jersey's Civil Boundaries 1606 - 1968.  Tax maps indicate that riparian grants were conveyed to a Pierhead Line extending out to the middle of the Arthur Kill, which approximates the state boundary and is likely the source of any ambiguity regarding the municipal (and county) boundary.  In addition, boundaries for all other municipalities in New Jersey along the Arthur Kill coincide with the shoreline.</procdesc>
<procdate>201105</procdate>
<proccont>
<cntinfo>
<cntorgp>
<cntorg>Civil Solutions</cntorg>
<cntper>Steve Eckhardt</cntper>
</cntorgp>
<cntpos>GIS Client Manager</cntpos>
<cntaddr>
<addrtype>mailing address</addrtype>
<address>800 S White Horse Pike, PO Box 579</address>
<city>Hammonton</city>
<state>NJ</state>
<postal>08037-2019</postal>
</cntaddr>
<cntvoice>(800) 924-0482</cntvoice>
<cntfax>(609) 704-8011</cntfax>
<cntemail>seckh@arh-us.com</cntemail>
</cntinfo>
</proccont>
</procstep>
<procstep>
<procdesc>A correction was made to the municipal boundary between Newark and Bloomfield Township at the intersection of Bloomfield Avenue and Heckel Street.  A short boundary segment was moved to the NJDOT road centerline to be consistent with adjacent municipal boundaries.</procdesc>
<procdate>201105</procdate>
<proccont>
<cntinfo>
<cntorgp>
<cntorg>Civil Solutions</cntorg>
<cntper>Steve Eckhardt</cntper>
</cntorgp>
<cntpos>GIS Client Manager</cntpos>
<cntaddr>
<addrtype>mailing address</addrtype>
<address>800 S White Horse Pike, PO Box 579</address>
<city>Hammonton</city>
<state>NJ</state>
<postal>08037-2019</postal>
</cntaddr>
<cntvoice>(800) 924-0482</cntvoice>
<cntfax>(609) 704-8011</cntfax>
<cntemail>seckh@arh-us.com</cntemail>
</cntinfo>
</proccont>
</procstep>
<procstep>
<procdesc>Due to municipal boundary changes, ACRES and SQ_MILES fields were recalculated based on SHAPE_AREA.  POPDEN2000, POPDEN1990, and POPDEN1980 were recalculated based on the updated square mile values.</procdesc>
<procdate>201105</procdate>
<proccont>
<cntinfo>
<cntorgp>
<cntorg>Civil Solutions</cntorg>
<cntper>Steve Eckhardt</cntper>
</cntorgp>
<cntpos>GIS Client Manager</cntpos>
<cntaddr>
<addrtype>mailing address</addrtype>
<address>800 S White Horse Pike, PO Box 579</address>
<city>Hammonton</city>
<state>NJ</state>
<postal>08037-2019</postal>
</cntaddr>
<cntvoice>(800) 924-0482</cntvoice>
<cntfax>(609) 704-8011</cntfax>
<cntemail>seckh@arh-us.com</cntemail>
</cntinfo>
</proccont>
</procstep>
<procstep>
<procdesc>An attribute field was added for the 2010 Census code (known as the FIPS code in previous census), to accommodate code changes to Lake Como Borough (formerly South Belmar Borough) and Toms River Township (formerly Dover Township) in Ocean County, and Robbinsville Township (formerly Washington Township) in Mercer County.  Codes for all other municipalities remain the same.  The new attribute field name is CENSUS2010.</procdesc>
<procdate>201105</procdate>
<proccont>
<cntinfo>
<cntorgp>
<cntorg>NJ Office of Information Technology (NJOIT), Office of Geographic Information Systems (OGIS)</cntorg>
<cntper>Douglas M. Schleifer</cntper>
</cntorgp>
<cntpos>GIS Specialist</cntpos>
<cntaddr>
<addrtype>mailing address</addrtype>
<address>PO Box 212</address>
<city>Trenton</city>
<state>NJ</state>
<postal>08625-0212</postal>
</cntaddr>
<cntvoice>(609) 984-7544</cntvoice>
<cntfax>(609) 633-0400</cntfax>
<cntemail>doug.schleifer@oit.state.nj.us</cntemail>
</cntinfo>
</proccont>
</procstep>
<procstep>
<procdesc>2010 Census code changes were made to Caldwell Borough in Essex County, and Woodland Park Borough (formerly West Paterson Borough) in Passaic County.  The reason for the code change to Caldwell Borough in 2004 is unknown.</procdesc>
<procdate>20110606</procdate>
<proccont>
<cntinfo>
<cntorgp>
<cntorg>NJ Office of Information Technology (NJOIT), Office of Geographic Information Systems (OGIS)</cntorg>
<cntper>Douglas M. Schleifer</cntper>
</cntorgp>
<cntpos>GIS Specialist</cntpos>
<cntaddr>
<addrtype>mailing address</addrtype>
<address>PO Box 212</address>
<city>Trenton</city>
<state>NJ</state>
<postal>08625-0212</postal>
</cntaddr>
<cntvoice>(609) 984-7544</cntvoice>
<cntfax>(609) 633-0400</cntfax>
<cntemail>doug.schleifer@oit.state.nj.us</cntemail>
</cntinfo>
</proccont>
</procstep>
<procstep>
<procdesc>2010 population (POP2010) and population density (POPDEN2010) were added to the attribute table.  Population totals are from the 2010 US Census.  Population density totals were calculated using square mileage (SQ_MILES) totals from the attribute table.</procdesc>
<procdate>20110606</procdate>
<proccont>
<cntinfo>
<cntorgp>
<cntorg>NJ Office of Information Technology (NJOIT), Office of Geographic Information Systems (OGIS)</cntorg>
<cntper>Douglas M. Schleifer</cntper>
</cntorgp>
<cntpos>GIS Specialist</cntpos>
<cntaddr>
<addrtype>mailing address</addrtype>
<address>PO Box 212</address>
<city>Trenton</city>
<state>NJ</state>
<postal>08625-0212</postal>
</cntaddr>
<cntvoice>(609) 984-7544</cntvoice>
<cntfax>(609) 633-0400</cntfax>
<cntemail>doug.schleifer@oit.state.nj.us</cntemail>
</cntinfo>
</proccont>
</procstep>
<procstep>
<procdesc>
The following changes were made to municipal boundaries in Cumberland County:

Improvements to parcel boundaries along the Lawrence Township/Fairfield Township border in Cumberland County necessitated changes to the municipal boundary.  The first change was made to the boundary north of County Route 692 to the municipal boundary with Millville.  The second change was made south of County Route 692 to County Route 553.

Modifications were made to the Stow Creek Township/Greenwich Township boundary in Cumberland County.  The first change was necessitated by improvements to parcel boundaries at, and just east of, County Route 602.  The second change was made to correct the boundary along Racoon Ditch (formerly Newport Creek) where the stream was impounded to form a lake just east of its confluence with Stow Creek.  The correction utilizes a DEP hydro centerline, between the southern boundary of the lake and an island towards the western end of the lake, which approximates the old stream centerline delineated on municipal tax maps.  It replaces the current DEP hydro centerline through the middle of the lake.

A correction was made to the Commercial Township/Maurice River Township boundary in Cumberland County at the outlet of the Maurice River into Delaware Bay.  The change was made to account for parcels that represent properties on small islands in the middle of the river in Maurice River Township.

An improvement was made to the municipal/county boundary between Pittsgrove Township in Salem County and Vineland in Cumberland County.  Segments sourced from parcel boundaries were replaced by an NJDEP hydro centerline segment and a 2007 NJOIT orthophoto delineated segment of a photo-identifiable water feature.  The affected municipal/county boundary segments are coincident with the eastern boundaries of block 2502, lots 5.01, 7.01 and 17 in Pittsgrove Township, Salem County, and the western boundaries of block 2601, lots 14-18, and block 2608, lot 1 in Vineland, Cumberland County.
</procdesc>
<procdate>20120103</procdate>
<proccont>
<cntinfo>
<cntorgp>
<cntorg>NJ Office of Information Technology (NJOIT), Office of Geographic Information Systems (OGIS)</cntorg>
<cntper>Yelena Pikovskaya</cntper>
</cntorgp>
<cntpos>GIS Specialist</cntpos>
<cntaddr>
<addrtype>mailing address</addrtype>
<address>PO Box 212</address>
<city>Trenton</city>
<state>NJ</state>
<postal>08625-0212</postal>
</cntaddr>
<cntvoice>(609) 633-0420</cntvoice>
<cntfax>(609) 633-0400</cntfax>
<cntemail>yelena.pikovskaya@oit.state.nj.us</cntemail>
</cntinfo>
</proccont>
</procstep>
<procstep>
<procdesc>A correction was made to the municipal/county boundary between Clifton in Passaic County and Garfield Borough in Bergen County coincident with the centerline of the Passaic River, just south of the Garden State Parkway.  A boundary segment sourced from an NJDEP hydro centerline that did not represent the middle of the river was replaced by a segment through the middle of the river delineated from 2007 NJOIT orthophotos.</procdesc>
<procdate>20120103</procdate>
<proccont>
<cntinfo>
<cntorgp>
<cntorg>NJ Office of Information Technology (NJOIT), Office of Geographic Information Systems (OGIS)</cntorg>
<cntper>Yelena Pikovskaya</cntper>
</cntorgp>
<cntpos>GIS Specialist</cntpos>
<cntaddr>
<addrtype>mailing address</addrtype>
<address>PO Box 212</address>
<city>Trenton</city>
<state>NJ</state>
<postal>08625-0212</postal>
</cntaddr>
<cntvoice>(609) 633-0420</cntvoice>
<cntfax>(609) 633-0400</cntfax>
<cntemail>yelena.pikovskaya@oit.state.nj.us</cntemail>
</cntinfo>
</proccont>
</procstep>
<procstep>
<procdesc>Based upon newly surveyed parcels data, an improvement was made to the municipal boundary between Roxbury Township and Netcong Borough in Morris County, south from the municipal boundary with Stanhope Borough in Sussex County.</procdesc>
<procdate>20120103</procdate>
<proccont>
<cntinfo>
<cntorgp>
<cntorg>NJ Office of Information Technology (NJOIT), Office of Geographic Information Systems (OGIS)</cntorg>
<cntper>Yelena Pikovskaya</cntper>
</cntorgp>
<cntpos>GIS Specialist</cntpos>
<cntaddr>
<addrtype>mailing address</addrtype>
<address>PO Box 212</address>
<city>Trenton</city>
<state>NJ</state>
<postal>08625-0212</postal>
</cntaddr>
<cntvoice>(609) 633-0420</cntvoice>
<cntfax>(609) 633-0400</cntfax>
<cntemail>yelena.pikovskaya@oit.state.nj.us</cntemail>
</cntinfo>
</proccont>
</procstep>
<procstep>
<procdesc>Attribute values were re-calculated for area (ACREAGE and SQ_MILES) and 2010 population density (POPDEN2010).</procdesc>
<procdate>20120103</procdate>
<proccont>
<cntinfo>
<cntorgp>
<cntorg>NJ Office of Information Technology (NJOIT), Office of Geographic Information Systems (OGIS)</cntorg>
<cntper>Yelena Pikovskaya</cntper>
</cntorgp>
<cntpos>GIS Specialist</cntpos>
<cntaddr>
<addrtype>mailing address</addrtype>
<address>PO Box 212</address>
<city>Trenton</city>
<state>NJ</state>
<postal>08625-0212</postal>
</cntaddr>
<cntvoice>(609) 633-0420</cntvoice>
<cntfax>(609) 633-0400</cntfax>
<cntemail>yelena.pikovskaya@oit.state.nj.us</cntemail>
</cntinfo>
</proccont>
</procstep>
<procstep>
<procdesc>A correction was made to the municipality type (MUN_TYPE) attribute value for the City of Orange Township.  Based upon information from the New Jersey Office of Legislative Services, corroborated by the City of Orange Township official web site, the municipality type was changed from Township to City.</procdesc>
<procdate>20120103</procdate>
<proccont>
<cntinfo>
<cntorgp>
<cntorg>NJ Office of Information Technology (NJOIT), Office of Geographic Information Systems (OGIS)</cntorg>
<cntper>Yelena Pikovskaya</cntper>
</cntorgp>
<cntpos>GIS Specialist</cntpos>
<cntaddr>
<addrtype>mailing address</addrtype>
<address>PO Box 212</address>
<city>Trenton</city>
<state>NJ</state>
<postal>08625-0212</postal>
</cntaddr>
<cntvoice>(609) 633-0420</cntvoice>
<cntfax>(609) 633-0400</cntfax>
<cntemail>yelena.pikovskaya@oit.state.nj.us</cntemail>
</cntinfo>
</proccont>
</procstep>
<procstep>
<procdesc>
Spatially merged Princeton Borough and Princeton Township to create Princeton using the "Merge" tool in an edit session.

Records were updated for the following attributes:
*Municipal names - MUN, MUN_LABEL, MUN_TYPE, NAME and GNIS_NAME.
*Municipal codes - GNIS, SSN, MUN_CODE, KEY and CENSUS2010.
*Area - ACRES and SQ_MILES.  The areas of Princeton Borough and Princeton Township were aggregated to calculate new totals for Princeton.
*Population - POP1980, POP1990, POP2000 and POP2010.  The populations of Princeton Borough and Princeton Township were aggregated to calculate new totals for Princeton.
*Population density - POPDEN1980, POPDEN1990, POPDEN2000 and POPDEN2010.  The aggregated population and area totals of Princeton Borough and Princeton Township were used to calculate new totals for Princeton.
</procdesc>
<procdate>20121228</procdate>
<proccont>
<cntinfo>
<cntorgp>
<cntorg>NJ Office of Information Technology (NJOIT), Office of Geographic Information Systems (OGIS)</cntorg>
<cntper>Yelena Pikovskaya</cntper>
</cntorgp>
<cntpos>GIS Specialist</cntpos>
<cntaddr>
<addrtype>mailing address</addrtype>
<address>PO Box 212</address>
<city>Trenton</city>
<state>NJ</state>
<postal>08625-0212</postal>
</cntaddr>
<cntvoice>609.633.0420</cntvoice>
<cntfax>609.633.0200</cntfax>
<cntemail>yelena.pikovskaya@oit.state.nj.us</cntemail>
<cntinst>e-mail is preferred</cntinst>
</cntinfo>
</proccont>
</procstep>
<procstep>
<procdesc>Records were dropped from existing feature class and new records loaded from file geodatabase. Metadata were imported and edited slightly.</procdesc>
<procdate>02/01/2013</procdate>
</procstep>
<procstep>
<procdesc>NJDEP clipped latest version (20120228) of NJ Municipal Boundaries to the coastline as shown in the updated NJDEP Coastline layer (Version 20090116).</procdesc>
<procdate>20130109</procdate>
<proccont>
<cntinfo>
<cntperp>
<cntper>John Bocchino</cntper>
<cntorg>NJDEP</cntorg>
</cntperp>
<cntaddr>
<addrtype>mailing and physical address</addrtype>
<address>401 E. State Street</address>
<city>Trenton</city>
<state>NJ</state>
<postal>08625</postal>
</cntaddr>
<cntvoice>609-777-0672</cntvoice>
<cntemail>gisnet@dep.state.nj.us</cntemail>
</cntinfo>
</proccont>
</procstep>
</lineage>
</dataqual>
<spdoinfo>
<direct>Vector</direct>
<ptvctinf>
<sdtsterm>
<sdtstype>G-polygon</sdtstype>
<ptvctcnt>565</ptvctcnt>
</sdtsterm>
</ptvctinf>
</spdoinfo>
<spref>
<horizsys>
<planar>
<mapproj>
<mapprojn>Transverse Mercator</mapprojn>
<transmer>
<sfctrmer>0.999900</sfctrmer>
<longcm>-74.500000</longcm>
<latprjo>38.833333</latprjo>
<feast>492125.000000</feast>
<fnorth>0.000000</fnorth>
</transmer>
</mapproj>
<planci>
<plance>coordinate pair</plance>
<coordrep>
<absres>0.000328</absres>
<ordres>0.000328</ordres>
</coordrep>
<plandu>survey feet</plandu>
</planci>
</planar>
<geodetic>
<horizdn>North American Datum of 1983</horizdn>
<ellips>Geodetic Reference System 80</ellips>
<semiaxis>6378137.000000</semiaxis>
<denflat>298.257222</denflat>
</geodetic>
</horizsys>
<vertdef>
<altsys>
<altres>0.000100</altres>
<altenc>Explicit elevation coordinate included with horizontal coordinates</altenc>
</altsys>
</vertdef>
</spref>
<eainfo>
<detailed>
<enttyp>
<enttypl>Govt_admin_mun_coast_bnd (muncoast)</enttypl>
<enttypd>Municipalities of New Jersey</enttypd>
<enttypds>NJ Office of Information Technology, Office of Geographic Information Systems</enttypds>
</enttyp>
<attr>
<attrlabl>FID</attrlabl>
<attrdef>Internal feature number.</attrdef>
<attrdefs>ESRI</attrdefs>
<attrdomv>
<udom>Sequential unique whole numbers that are automatically generated.</udom>
</attrdomv>
</attr>
<attr>
<attrlabl>SHAPE</attrlabl>
<attrdef>Feature geometry</attrdef>
<attrdefs>ESRI</attrdefs>
<attrdomv>
<udom>Coordinates defining the features</udom>
</attrdomv>
</attr>
<attr>
<attrlabl>MUN</attrlabl>
<attrdef>municipality name (capital letters)</attrdef>
<attrdefs>New Jersey Department of Environmental Protection, Bureau of Geographic Information Systems</attrdefs>
<attrdomv>
<udom>municipality name (capital letters)</udom>
</attrdomv>
</attr>
<attr>
<attrlabl>COUNTY</attrlabl>
<attrdef>county name (capital letters)</attrdef>
<attrdefs>New Jersey Department of Environmental Protection, Bureau of Geographic Information Systems</attrdefs>
<attrdomv>
<udom>county name (capital letters)</udom>
</attrdomv>
</attr>
<attr>
<attrlabl>MUN_LABEL</attrlabl>
<attrdef>municipality name (for labels)</attrdef>
<attrdefs>New Jersey Department of Environmental Protection, Bureau of Geographic Information Systems</attrdefs>
<attrdomv>
<udom>municipality name (for labels)</udom>
</attrdomv>
</attr>
<attr>
<attrlabl>MUN_TYPE</attrlabl>
<attrdef>municipality type</attrdef>
<attrdefs>New Jersey Department of Environmental Protection, Bureau of Geographic Information Systems</attrdefs>
<attrdomv>
<udom>municipality type</udom>
</attrdomv>
</attr>
<attr>
<attrlabl>NAME</attrlabl>
<attrdef>municipality name (for labels - without municipality type for cities and towns)</attrdef>
<attrdefs>NJ Office of Information Technology, Office of Geographic Information Systems</attrdefs>
<attrdomv>
<udom>municipality name (for labels - without municipality type for cities and towns)</udom>
</attrdomv>
</attr>
<attr>
<attrlabl>GNIS_NAME</attrlabl>
<attrdef>municipality name (GNIS)</attrdef>
<attrdefs>Bureau of Geographic Names - United States Geological Survey</attrdefs>
<attrdomv>
<udom>municipality name (GNIS)</udom>
</attrdomv>
</attr>
<attr>
<attrlabl>GNIS</attrlabl>
<attrdef>GNIS civil code</attrdef>
<attrdefs>Bureau of Geographic Names - United States Geological Survey</attrdefs>
<attrdomv>
<codesetd>
<codesetn>GNIS civil code</codesetn>
<codesets>Bureau of Geographic Names - United States Geological Survey</codesets>
</codesetd>
</attrdomv>
</attr>
<attr>
<attrlabl>SSN</attrlabl>
<attrdef>State Standard Numeric code</attrdef>
<attrdefs>New Jersey Department of Community Affairs</attrdefs>
<attrdomv>
<codesetd>
<codesetn>State Standard Numeric code</codesetn>
<codesets>New Jersey Department of Community Affairs</codesets>
</codesetd>
</attrdomv>
</attr>
<attr>
<attrlabl>MUN_CODE</attrlabl>
<attrdef>municipal code (NJ-1040)</attrdef>
<attrdefs>New Jersey Department of Treasury, Division of Taxation</attrdefs>
<attrdomv>
<codesetd>
<codesetn>municipal code (NJ-1040)</codesetn>
<codesets>New Jersey Department of Treasury, Division of Taxation</codesets>
</codesetd>
</attrdomv>
</attr>
<attr>
<attrlabl>KEY</attrlabl>
<attrdef>Federal Information Processing Standard (FIPS) state+county+municipal code</attrdef>
<attrdefs>United State Census Bureau</attrdefs>
<attrdomv>
<codesetd>
<codesetn>Federal Information Processing Standard (FIPS) state+county+municipal code</codesetn>
<codesets>United State Census Bureau</codesets>
</codesetd>
</attrdomv>
</attr>
<attr>
<attrlabl>ACRES</attrlabl>
<attrdef>area of municipality in acres (calculated from square feet in attribute table)</attrdef>
<attrdefs>NJ Office of Information Technology, Office of Geographic Information Systems</attrdefs>
<attrdomv>
<rdom>
<rdommin>62.74</rdommin>
<rdommax>72371.50</rdommax>
<attrunit>acres</attrunit>
</rdom>
</attrdomv>
</attr>
<attr>
<attrlabl>CENSUS2010</attrlabl>
<attrdef>Census state+county+municipal code</attrdef>
<attrdefs>United States Census Bureau</attrdefs>
<attrdomv>
<codesetd>
<codesetn>Census state+county+municipal code</codesetn>
<codesets>United States Census Bureau</codesets>
</codesetd>
</attrdomv>
</attr>
<attr>
<attrlabl>SQ_MILES</attrlabl>
<attrdef>area of municipality in square miles (calculated from square feet in attribute table)</attrdef>
<attrdefs>NJ Office of Information Technology, Office of Geographic Information Systems</attrdefs>
<attrdomv>
<rdom>
<rdommin>0.09</rdommin>
<rdommax>113.08</rdommax>
<attrunit>square miles</attrunit>
</rdom>
</attrdomv>
</attr>
<attr>
<attrlabl>POP2010</attrlabl>
<attrdef>population in 2010</attrdef>
<attrdefs>United States Census Bureau</attrdefs>
<attrdomv>
<udom>population in 2010</udom>
</attrdomv>
</attr>
<attr>
<attrlabl>POP2000</attrlabl>
<attrdef>population in 2000</attrdef>
<attrdefs>United States Census Bureau</attrdefs>
<attrdomv>
<udom>population in 2000</udom>
</attrdomv>
</attr>
<attr>
<attrlabl>POP1990</attrlabl>
<attrdef>population in 1990</attrdef>
<attrdefs>United States Census Bureau</attrdefs>
<attrdomv>
<udom>population in 1990</udom>
</attrdomv>
</attr>
<attr>
<attrlabl>POP1980</attrlabl>
<attrdef>population in 1980</attrdef>
<attrdefs>United States Census Bureau</attrdefs>
<attrdomv>
<udom>population in 1980</udom>
</attrdomv>
</attr>
<attr>
<attrlabl>POPDEN2010</attrlabl>
<attrdef>population density per square mile in 2010</attrdef>
<attrdefs>NJ Office of Information Technology, Office of Geographic Information Systems</attrdefs>
<attrdomv>
<udom>population density per square mile in 2010</udom>
</attrdomv>
</attr>
<attr>
<attrlabl>POPDEN2000</attrlabl>
<attrdef>population density per square mile in 2000</attrdef>
<attrdefs>NJ Office of Information Technology, Office of Geographic Information Systems</attrdefs>
<attrdomv>
<udom>population density per square mile in 2000</udom>
</attrdomv>
</attr>
<attr>
<attrlabl>POPDEN1990</attrlabl>
<attrdef>population density per square mile in 1990</attrdef>
<attrdefs>NJ Office of Information Technology, Office of Geographic Information Systems</attrdefs>
<attrdomv>
<udom>population density per square mile in 1990</udom>
</attrdomv>
</attr>
<attr>
<attrlabl>POPDEN1980</attrlabl>
<attrdef>population density per square mile in 1980</attrdef>
<attrdefs>NJ Office of Information Technology, Office of Geographic Information Systems</attrdefs>
<attrdomv>
<udom>population density per square mile in 1980</udom>
</attrdomv>
</attr>
<attr>
<attrlabl>SHAPE.AREA</attrlabl>
<attrdef>Area of feature</attrdef>
<attrdefs>ESRI</attrdefs>
<attrdomv>
<udom>unique entry</udom>
</attrdomv>
</attr>
<attr>
<attrlabl>SHAPE.LEN</attrlabl>
<attrdef>Length of Feature</attrdef>
<attrdefs>ESRI</attrdefs>
<attrdomv>
<udom>unique entry</udom>
</attrdomv>
</attr>
</detailed>
</eainfo>
<distinfo>
<distrib>
<cntinfo>
<cntorgp>
<cntorg>NJDEP/OIRM/Bureau of GIS</cntorg>
<cntper>GIS Help Desk</cntper>
</cntorgp>
<cntaddr>
<addrtype>mailing address</addrtype>
<address>401 East State Street</address>
<city>Trenton</city>
<state>NJ</state>
<postal>08625</postal>
</cntaddr>
<cntvoice>(609) 777-0672</cntvoice>
<cntfax>(609) 292-7900</cntfax>
</cntinfo>
</distrib>
<resdesc>Downloadable Data</resdesc>
<distliab>This organization provides the geographic data "as is". This organization makes no guarantee or warranty concerning the accuracy of information contained in the geographic data. Also, this organization makes no warranty either expressed or implied, regarding the condition of the product or its fitness for any particular purpose. The burden for determining fitness for use lies entirely with the user. Although these files have been processed successfully on computers at this organization, no warranty is made by this organization regarding the use of these data on any other system, nor does the fact of distribution constitute or imply any such warranty. See also "Use Constraints" for additional distribution and/or data use requirements.</distliab>
<stdorder>
<digform>
<digtinfo>
<formname>DEP distributes ESRI .SHP and/or GDB. Some data may be NJ GeoWeb "display only" layers.</formname>
<formvern>latest version</formvern>
<filedec>Winzip</filedec>
<transize>36.647</transize>
</digtinfo>
<digtopt>
<onlinopt>
<computer>
<networka>
<networkr>http://www.nj.gov/dep/gis/listall.html</networkr>
<networkr>http://www.nj.gov/dep/gis/geowebsplash.htm</networkr>
</networka>
</computer>
</onlinopt>
<offoptn>
<offmedia>none</offmedia>
<recfmt>none</recfmt>
</offoptn>
</digtopt>
</digform>
<fees>none</fees>
<ordering>All available NJDEP public GIS data can be downloaded for free. Some data shown in NJGeoWeb application may not yet be available for download due to various data or distribution issues. Please email gisnet@dep.state.nj.us with any data distribution questions.</ordering>
</stdorder>
<custom>The NJDEP may distribute GIS data in a variety of formats, such as the ESRI shapefile and/or various versions of the file geodatabase format. The data also may be available for viewing on various profiles of the NJ GeoWeb online mapping application. Note: Some older NJDEP data may not contain .prj files due to distribution procedures at that time. If download does not contain a .prj, please download from:http://www.nj.gov/dep/gis/njsp83.zip Please rename .prj to the name of the downloadable filename. (for example: If Head of Tides filename is HOT.shp, please rename .prj to HOT.prj). This allows ESRI software to recognize the projection information.</custom>
<techpreq>An ESRI desktop mapping client is required for use, such as ArcMap.</techpreq>
<availabl>
<timeinfo>
<sngdate>
<caldate>20121228</caldate>
</sngdate>
</timeinfo>
</availabl>
</distinfo>
<metainfo>
<metd>20121228</metd>
<metrd>20121228</metrd>
<metc>
<cntinfo>
<cntperp>
<cntper>John Bocchino, GISP</cntper>
<cntorg>NJDEP/OIRM/BGIS</cntorg>
</cntperp>
<cntpos>GIS Specialist 1</cntpos>
<cntaddr>
<addrtype>mailing address</addrtype>
<address>401 East State Street, PO Box 428</address>
<city>Trenton</city>
<state>NJ</state>
<postal>08625</postal>
</cntaddr>
<cntvoice>609-777-0672</cntvoice>
<cntfax>609-292-7900</cntfax>
<cntemail>gisnet@dep.state.nj.us</cntemail>
</cntinfo>
</metc>
<metstdn>FGDC Content Standards for Digital Geospatial Metadata</metstdn>
<metstdv>FGDC-STD-001-1998</metstdv>
<mettc>local time</mettc>
<metac>none</metac>
<metuc>none</metuc>
<metsi>
<metscs>NJGIN</metscs>
<metsc>Public</metsc>
<metshd>no special handling required</metshd>
</metsi>
</metainfo>
</metadata>
